{"parent":"item/generated","textures":{"layer0":"item/bow"},"display":{"thirdperson_righthand":{"rotation":[-80,260,-40],"translation":[-1,-2,2.5],"scale":[0.9,0.9,0.9]},"thirdperson_lefthand":{"rotation":[-80,-280,40],"translation":[-1,-2,2.5],"scale":[0.9,0.9,0.9]},"firstperson_righthand":{"rotation":[0,-90,25],"translation":[1.13,3.2,1.13],"scale":[0.68,0.68,0.68]},"firstperson_lefthand":{"rotation":[0,90,-25],"translation":[1.13,3.2,1.13],"scale":[0.68,0.68,0.68]}},"overrides":[{"predicate":{"pulling":1},"model":"item/bow_pulling_0"},{"predicate":{"pulling":1,"pull":0.65},"model":"item/bow_pulling_1"},{"predicate":{"pulling":1,"pull":0.9},"model":"item/bow_pulling_2"},{"predicate":{"custom_model_data":8800},"model":"nightvision:ia_auto_gen/em_bow"},{"predicate":{"pulling":1,"custom_model_data":8800},"model":"nightvision:ia_auto_gen/em_bow_0"},{"predicate":{"pulling":1,"pull":0.65,"custom_model_data":8800},"model":"nightvision:ia_auto_gen/em_bow_1"},{"predicate":{"pulling":1,"pull":0.9,"custom_model_data":8800},"model":"nightvision:ia_auto_gen/em_bow_2"},{"predicate":{"custom_model_data":8801},"model":"nightvision:ia_auto_gen/gravity_gun"},{"predicate":{"pulling":1,"custom_model_data":8801},"model":"nightvision:ia_auto_gen/gravity_gun_0"},{"predicate":{"pulling":1,"pull":0.65,"custom_model_data":8801},"model":"nightvision:ia_auto_gen/gravity_gun_1"},{"predicate":{"pulling":1,"pull":0.9,"custom_model_data":8801},"model":"nightvision:ia_auto_gen/gravity_gun_2"},{"predicate":{"custom_model_data":8802},"model":"nightvision:ia_auto_gen/pulse_rifle"},{"predicate":{"pulling":1,"custom_model_data":8802},"model":"nightvision:ia_auto_gen/pulse_rifle_0"},{"predicate":{"pulling":1,"pull":0.65,"custom_model_data":8802},"model":"nightvision:ia_auto_gen/pulse_rifle_1"},{"predicate":{"pulling":1,"pull":0.9,"custom_model_data":8802},"model":"nightvision:ia_auto_gen/pulse_rifle_2"},{"predicate":{"custom_model_data":8804},"model":"nightvision:ia_auto_gen/gun_retribution_energyblock"},{"predicate":{"pulling":1,"custom_model_data":8804},"model":"nightvision:ia_auto_gen/gun_retribution_energyblock_0"},{"predicate":{"pulling":1,"pull":0.65,"custom_model_data":8804},"model":"nightvision:ia_auto_gen/gun_retribution_energyblock_1"},{"predicate":{"pulling":1,"pull":0.9,"custom_model_data":8804},"model":"nightvision:ia_auto_gen/gun_retribution_energyblock_2"},{"predicate":{"custom_model_data":8805},"model":"item/bow"}]}