{"parent":"minecraft:item/handheld","textures":{"layer0":"minecraft:item/diamond_sword"},"overrides":[{"predicate":{"custom_model_data":8800},"model":"nightvision:melee/astral_edge"},{"predicate":{"custom_model_data":8801},"model":"nightvision:melee/glitch_blade"},{"predicate":{"custom_model_data":8802},"model":"nightvision:melee/glitch_blade_2"},{"predicate":{"custom_model_data":8803},"model":"nightvision:melee/resonator"},{"predicate":{"custom_model_data":8804},"model":"nightvision:melee/sinhro_katana"},{"predicate":{"custom_model_data":8805},"model":"nightvision:melee/electroclaws_predator"},{"predicate":{"custom_model_data":8806},"model":"item/diamond_sword"}]}