{"parent":"minecraft:item/generated","textures":{"layer0":"minecraft:item/leather_horse_armor"},"overrides":[{"predicate":{"custom_model_data":1},"model":"modelengine:boss_mech/torso"},{"predicate":{"custom_model_data":2},"model":"modelengine:boss_mech/bodyupper"},{"predicate":{"custom_model_data":3},"model":"modelengine:boss_mech/rightleg"},{"predicate":{"custom_model_data":4},"model":"modelengine:boss_mech/rightlegdown"},{"predicate":{"custom_model_data":5},"model":"modelengine:boss_mech/leftleg"},{"predicate":{"custom_model_data":6},"model":"modelengine:boss_mech/leftlegdown"},{"predicate":{"custom_model_data":7},"model":"modelengine:boss_mech/head"},{"predicate":{"custom_model_data":8},"model":"modelengine:boss_mech/rightarm"},{"predicate":{"custom_model_data":9},"model":"modelengine:boss_mech/rightfist"},{"predicate":{"custom_model_data":10},"model":"modelengine:boss_mech/leftarm"},{"predicate":{"custom_model_data":11},"model":"modelengine:boss_mech/leftfist"},{"predicate":{"custom_model_data":12},"model":"modelengine:boss_mech/shadow"},{"predicate":{"custom_model_data":13},"model":"modelengine:boss_necros/cape"},{"predicate":{"custom_model_data":14},"model":"modelengine:boss_necros/torso"},{"predicate":{"custom_model_data":15},"model":"modelengine:boss_necros/bodyupper"},{"predicate":{"custom_model_data":16},"model":"modelengine:boss_necros/leftleg"},{"predicate":{"custom_model_data":17},"model":"modelengine:boss_necros/leftlegdown"},{"predicate":{"custom_model_data":18},"model":"modelengine:boss_necros/rightleg"},{"predicate":{"custom_model_data":19},"model":"modelengine:boss_necros/rightlegdown"},{"predicate":{"custom_model_data":20},"model":"modelengine:boss_necros/head"},{"predicate":{"custom_model_data":21},"model":"modelengine:boss_necros/leftcape"},{"predicate":{"custom_model_data":22},"model":"modelengine:boss_necros/leftarm"},{"predicate":{"custom_model_data":23},"model":"modelengine:boss_necros/leftfist"},{"predicate":{"custom_model_data":24},"model":"modelengine:boss_necros/rightcape"},{"predicate":{"custom_model_data":25},"model":"modelengine:boss_necros/rightarm"},{"predicate":{"custom_model_data":26},"model":"modelengine:boss_necros/rightfist"},{"predicate":{"custom_model_data":27},"model":"modelengine:boss_necros/dubina"},{"predicate":{"custom_model_data":28},"model":"modelengine:boss_necros/shadow"},{"predicate":{"custom_model_data":29},"model":"modelengine:boss_omega/torso"},{"predicate":{"custom_model_data":30},"model":"modelengine:boss_omega/bodyupper"},{"predicate":{"custom_model_data":31},"model":"modelengine:boss_omega/leftleg"},{"predicate":{"custom_model_data":32},"model":"modelengine:boss_omega/leftlegdown"},{"predicate":{"custom_model_data":33},"model":"modelengine:boss_omega/rightleg"},{"predicate":{"custom_model_data":34},"model":"modelengine:boss_omega/rightlegdown"},{"predicate":{"custom_model_data":35},"model":"modelengine:boss_omega/head"},{"predicate":{"custom_model_data":36},"model":"modelengine:boss_omega/leftarm"},{"predicate":{"custom_model_data":37},"model":"modelengine:boss_omega/leftfist"},{"predicate":{"custom_model_data":38},"model":"modelengine:boss_omega/bone"},{"predicate":{"custom_model_data":39},"model":"modelengine:boss_omega/rightarm"},{"predicate":{"custom_model_data":40},"model":"modelengine:boss_omega/rightfist"},{"predicate":{"custom_model_data":41},"model":"modelengine:boss_omega/bone2"},{"predicate":{"custom_model_data":42},"model":"modelengine:boss_omega/shadow"},{"predicate":{"custom_model_data":43},"model":"modelengine:boss_reaper/bodyupper"},{"predicate":{"custom_model_data":44},"model":"modelengine:boss_reaper/cape"},{"predicate":{"custom_model_data":45},"model":"modelengine:boss_reaper/head"},{"predicate":{"custom_model_data":46},"model":"modelengine:boss_reaper/leftarm"},{"predicate":{"custom_model_data":47},"model":"modelengine:boss_reaper/leftfist"},{"predicate":{"custom_model_data":48},"model":"modelengine:boss_reaper/rightarm"},{"predicate":{"custom_model_data":49},"model":"modelengine:boss_reaper/kosa"},{"predicate":{"custom_model_data":50},"model":"modelengine:boss_reaper/rightfist"},{"predicate":{"custom_model_data":51},"model":"modelengine:boss_reaper/kosa2"},{"predicate":{"custom_model_data":52},"model":"modelengine:boss_reaper/shadow"},{"predicate":{"custom_model_data":53},"model":"modelengine:boss_reaper_clone/bodyupper"},{"predicate":{"custom_model_data":54},"model":"modelengine:boss_reaper_clone/cape"},{"predicate":{"custom_model_data":55},"model":"modelengine:boss_reaper_clone/head"},{"predicate":{"custom_model_data":56},"model":"modelengine:boss_reaper_clone/leftarm"},{"predicate":{"custom_model_data":57},"model":"modelengine:boss_reaper_clone/leftfist"},{"predicate":{"custom_model_data":58},"model":"modelengine:boss_reaper_clone/rightarm"},{"predicate":{"custom_model_data":59},"model":"modelengine:boss_reaper_clone/rightfist"},{"predicate":{"custom_model_data":60},"model":"modelengine:boss_reaper_clone/shadow"},{"predicate":{"custom_model_data":61},"model":"modelengine:boss_saifer/torso"},{"predicate":{"custom_model_data":62},"model":"modelengine:boss_saifer/bodyupper"},{"predicate":{"custom_model_data":63},"model":"modelengine:boss_saifer/leftleg"},{"predicate":{"custom_model_data":64},"model":"modelengine:boss_saifer/leftlegdown"},{"predicate":{"custom_model_data":65},"model":"modelengine:boss_saifer/rightleg"},{"predicate":{"custom_model_data":66},"model":"modelengine:boss_saifer/rightlegdown"},{"predicate":{"custom_model_data":67},"model":"modelengine:boss_saifer/head"},{"predicate":{"custom_model_data":68},"model":"modelengine:boss_saifer/leftarm"},{"predicate":{"custom_model_data":69},"model":"modelengine:boss_saifer/leftfist"},{"predicate":{"custom_model_data":70},"model":"modelengine:boss_saifer/rightarm"},{"predicate":{"custom_model_data":71},"model":"modelengine:boss_saifer/rightfist"},{"predicate":{"custom_model_data":72},"model":"modelengine:boss_saifer/console"},{"predicate":{"custom_model_data":73},"model":"modelengine:boss_saifer/shadow"}]}