{"parent":"item/generated","textures":{"layer0":"item/leather_chestplate","layer1":"item/leather_chestplate_overlay"},"overrides":[{"predicate":{"custom_model_data":8800},"model":"nightvision:ia_auto_gen/apadtive_chestplate"},{"predicate":{"custom_model_data":8801},"model":"nightvision:ia_auto_gen/black_chestplate"},{"predicate":{"custom_model_data":8802},"model":"nightvision:ia_auto_gen/defend_chestplate"},{"predicate":{"custom_model_data":8803},"model":"nightvision:ia_auto_gen/health_chestplate"},{"predicate":{"custom_model_data":8804},"model":"nightvision:ia_auto_gen/police_chestplate"},{"predicate":{"custom_model_data":8805},"model":"nightvision:ia_auto_gen/power_chestplate"},{"predicate":{"custom_model_data":8806},"model":"nightvision:ia_auto_gen/speed_chestplate"},{"predicate":{"custom_model_data":8807},"model":"item/leather_chestplate"}]}