{"parent":"item/generated","textures":{"layer0":"item/leather_leggings","layer1":"item/leather_leggings_overlay"},"overrides":[{"predicate":{"custom_model_data":8800},"model":"nightvision:ia_auto_gen/apadtive_leggings"},{"predicate":{"custom_model_data":8801},"model":"nightvision:ia_auto_gen/black_leggings"},{"predicate":{"custom_model_data":8802},"model":"nightvision:ia_auto_gen/defend_leggings"},{"predicate":{"custom_model_data":8803},"model":"nightvision:ia_auto_gen/health_leggings"},{"predicate":{"custom_model_data":8804},"model":"nightvision:ia_auto_gen/police_leggings"},{"predicate":{"custom_model_data":8805},"model":"nightvision:ia_auto_gen/power_leggings"},{"predicate":{"custom_model_data":8806},"model":"nightvision:ia_auto_gen/speed_leggings"},{"predicate":{"custom_model_data":8807},"model":"item/leather_leggings"}]}