{"parent":"minecraft:item/generated","textures":{"layer0":"minecraft:item/paper"},"overrides":[{"predicate":{"custom_model_data":8800},"model":"nightvision:energyblock/void_energyblock"},{"predicate":{"custom_model_data":8801},"model":"nightvision:energyblock/retribution_energyblock"},{"predicate":{"custom_model_data":8802},"model":"nightvision:energyblock/soul_energyblock"},{"predicate":{"custom_model_data":8803},"model":"nightvision:energyblock/frost_energyblock"},{"predicate":{"custom_model_data":8804},"model":"nightvision:energyblock/chaos_energyblock"},{"predicate":{"custom_model_data":8805},"model":"nightvision:ia_auto_gen/datacube"},{"predicate":{"custom_model_data":8806},"model":"nightvision:ia_auto_gen/infrared_vision"},{"predicate":{"custom_model_data":8807},"model":"nightvision:ia_auto_gen/chronorod"},{"predicate":{"custom_model_data":8808},"model":"nightvision:ia_auto_gen/nanosteel"},{"predicate":{"custom_model_data":8809},"model":"nightvision:ia_auto_gen/neuroplasm"},{"predicate":{"custom_model_data":8810},"model":"nightvision:ia_auto_gen/quartzitron"},{"predicate":{"custom_model_data":8811},"model":"nightvision:ia_auto_gen/xeonite"},{"predicate":{"custom_model_data":8812},"model":"nightvision:armor/apadtive_helmet"},{"predicate":{"custom_model_data":8814},"model":"nightvision:armor/defend_helmet"},{"predicate":{"custom_model_data":8815},"model":"nightvision:armor/health_helmet"},{"predicate":{"custom_model_data":8816},"model":"nightvision:armor/power_helmet"},{"predicate":{"custom_model_data":8817},"model":"nightvision:armor/speed_helmet"},{"predicate":{"custom_model_data":8818},"model":"item/paper"}]}