{"elements":[{"from":[5.714857,4.0005713,5.714857],"to":[7.9994287,8.0,7.9994287],"rotation":{"angle":0.0,"axis":"y","origin":[10.285714,-2.285715,6.857143]},"faces":{"south":{"uv":[4.5,7.0,5.0,7.875],"rotation":0,"texture":"#0","tintindex":0},"north":{"uv":[6.125,6.875,6.625,7.75],"rotation":0,"texture":"#0","tintindex":0},"down":{"uv":[8.75,5.625,8.25,6.125],"rotation":0,"texture":"#0","tintindex":0},"east":{"uv":[4.0,7.0,4.5,7.875],"rotation":0,"texture":"#0","tintindex":0},"west":{"uv":[7.125,0.875,7.625,1.75],"rotation":0,"texture":"#0","tintindex":0},"up":{"uv":[0.0,8.25,0.5,8.75],"rotation":0,"texture":"#0","tintindex":0}}},{"from":[5.5714283,3.8571424,5.5714283],"to":[8.142858,8.142858,8.142858],"rotation":{"angle":0.0,"axis":"y","origin":[10.285714,-2.285715,6.857143]},"faces":{"south":{"uv":[5.0,7.25,5.5,8.125],"rotation":0,"texture":"#0","tintindex":0},"north":{"uv":[7.125,1.75,7.625,2.625],"rotation":0,"texture":"#0","tintindex":0},"down":{"uv":[8.75,6.125,8.25,6.625],"rotation":0,"texture":"#0","tintindex":0},"east":{"uv":[7.125,3.5,7.625,4.375],"rotation":0,"texture":"#0","tintindex":0},"west":{"uv":[7.25,5.25,7.75,6.125],"rotation":0,"texture":"#0","tintindex":0},"up":{"uv":[8.25,5.125,8.75,5.625],"rotation":0,"texture":"#0","tintindex":0}}}],"textures":{"0":"modelengine:entity/omega"},"display":{"head":{"translation":[0.0,-6.4,0.0],"scale":[4.0,4.0,4.0]}}}