{"elements":[{"from":[5.685714,4.5714283,6.857143],"to":[7.9428573,8.0,9.142858],"rotation":{"angle":0.0,"axis":"y","origin":[7.9428573,1.1428566,8.0]},"faces":{"south":{"uv":[5.5,7.75,6.0,8.5],"rotation":0,"texture":"#0","tintindex":0},"north":{"uv":[3.5,7.75,4.0,8.5],"rotation":0,"texture":"#0","tintindex":0},"down":{"uv":[8.875,4.625,8.375,5.125],"rotation":0,"texture":"#0","tintindex":0},"east":{"uv":[7.75,5.25,8.25,6.0],"rotation":0,"texture":"#0","tintindex":0},"west":{"uv":[6.0,7.75,6.5,8.5],"rotation":0,"texture":"#0","tintindex":0},"up":{"uv":[8.875,4.625,8.375,4.125],"rotation":0,"texture":"#0","tintindex":0}}},{"from":[5.5714283,4.428571,6.714286],"to":[8.142858,8.142858,9.285714],"rotation":{"angle":0.0,"axis":"y","origin":[7.9428573,1.1428566,8.0]},"faces":{"south":{"uv":[7.75,7.5,8.25,8.25],"rotation":0,"texture":"#0","tintindex":0},"north":{"uv":[7.75,6.0,8.25,6.75],"rotation":0,"texture":"#0","tintindex":0},"down":{"uv":[9.0,2.75,8.5,3.25],"rotation":0,"texture":"#0","tintindex":0},"east":{"uv":[7.75,6.75,8.25,7.5],"rotation":0,"texture":"#0","tintindex":0},"west":{"uv":[7.875,0.0,8.375,0.75],"rotation":0,"texture":"#0","tintindex":0},"up":{"uv":[9.0,2.75,8.5,2.25],"rotation":0,"texture":"#0","tintindex":0}}}],"textures":{"0":"modelengine:entity/omega"},"display":{"head":{"translation":[0.0,-6.4,0.0],"scale":[4.0,4.0,4.0]}}}