{"elements":[{"from":[5.714286,5.142857,6.857143],"to":[8.0,9.142858,9.142858],"rotation":{"angle":0.0,"axis":"y","origin":[10.285714,-4.5714293,8.0]},"faces":{"south":{"uv":[2.0,6.875,2.5,7.75],"rotation":0,"texture":"#0","tintindex":0},"north":{"uv":[1.0,6.875,1.5,7.75],"rotation":0,"texture":"#0","tintindex":0},"down":{"uv":[0.5,8.25,0.0,8.75],"rotation":0,"texture":"#0","tintindex":0},"east":{"uv":[1.5,6.875,2.0,7.75],"rotation":0,"texture":"#0","tintindex":0},"west":{"uv":[2.5,6.875,3.0,7.75],"rotation":0,"texture":"#0","tintindex":0},"up":{"uv":[5.5,8.625,5.0,8.125],"rotation":0,"texture":"#0","tintindex":0}}},{"from":[5.5714283,5.0,6.714286],"to":[8.142858,9.285714,9.285714],"rotation":{"angle":0.0,"axis":"y","origin":[10.285714,-4.5714293,8.0]},"faces":{"south":{"uv":[6.875,4.375,7.375,5.25],"rotation":0,"texture":"#0","tintindex":0},"north":{"uv":[3.0,6.875,3.5,7.75],"rotation":0,"texture":"#0","tintindex":0},"down":{"uv":[8.75,5.125,8.25,5.625],"rotation":0,"texture":"#0","tintindex":0},"east":{"uv":[3.5,6.875,4.0,7.75],"rotation":0,"texture":"#0","tintindex":0},"west":{"uv":[5.625,6.875,6.125,7.75],"rotation":0,"texture":"#0","tintindex":0},"up":{"uv":[1.0,8.75,0.5,8.25],"rotation":0,"texture":"#0","tintindex":0}}},{"from":[6.285714,7.428571,6.285714],"to":[7.428571,10.285714,9.714286],"rotation":{"angle":0.0,"axis":"y","origin":[8.0,8.0,8.0]},"faces":{"south":{"uv":[2.5,8.625,2.75,9.25],"rotation":0,"texture":"#0","tintindex":0},"north":{"uv":[6.875,5.25,7.125,5.875],"rotation":0,"texture":"#0","tintindex":0},"down":{"uv":[8.875,1.5,8.625,2.25],"rotation":0,"texture":"#0","tintindex":0},"east":{"uv":[6.375,1.0,7.125,1.625],"rotation":0,"texture":"#0","tintindex":0},"west":{"uv":[6.375,1.625,7.125,2.25],"rotation":0,"texture":"#0","tintindex":0},"up":{"uv":[5.375,2.75,5.125,2.0],"rotation":0,"texture":"#0","tintindex":0}}},{"from":[6.285714,10.285714,6.857143],"to":[6.285714,13.714286,9.142858],"rotation":{"angle":22.5,"axis":"z","origin":[6.285714,10.285714,8.0]},"faces":{"south":{"uv":[0.0,0.0,0.0,0.75],"rotation":0,"texture":"#0","tintindex":0},"north":{"uv":[0.0,0.0,0.0,0.75],"rotation":0,"texture":"#0","tintindex":0},"down":{"uv":[0.0,0.0,0.0,0.5],"rotation":0,"texture":"#0","tintindex":0},"east":{"uv":[0.5,0.0,1.0,0.75],"rotation":0,"texture":"#0","tintindex":0},"west":{"uv":[1.0,0.0,0.5,0.75],"rotation":0,"texture":"#0","tintindex":0},"up":{"uv":[0.0,0.0,0.0,0.5],"rotation":0,"texture":"#0","tintindex":0}}}],"textures":{"0":"modelengine:entity/omega"},"display":{"head":{"translation":[0.0,-6.4,0.0],"scale":[4.0,4.0,4.0]}}}