{"elements":[{"from":[5.429143,9.143429,6.857714],"to":[10.570857,13.142858,9.142285],"rotation":{"angle":0.0,"axis":"y","origin":[7.714286,2.2857141,8.0]},"faces":{"south":{"uv":[1.125,5.0,2.25,5.875],"rotation":0,"texture":"#0","tintindex":0},"north":{"uv":[0.0,5.0,1.125,5.875],"rotation":0,"texture":"#0","tintindex":0},"down":{"uv":[6.875,4.875,5.75,5.375],"rotation":0,"texture":"#0","tintindex":0},"east":{"uv":[5.125,6.375,5.625,7.25],"rotation":0,"texture":"#0","tintindex":0},"west":{"uv":[6.75,5.875,7.25,6.75],"rotation":0,"texture":"#0","tintindex":0},"up":{"uv":[6.875,4.875,5.75,4.375],"rotation":0,"texture":"#0","tintindex":0}}},{"from":[5.285714,9.0,6.714286],"to":[10.714286,13.286286,9.285714],"rotation":{"angle":0.0,"axis":"y","origin":[7.714286,2.2857141,8.0]},"faces":{"south":{"uv":[3.375,5.0,4.5,5.875],"rotation":0,"texture":"#0","tintindex":0},"north":{"uv":[2.25,5.0,3.375,5.875],"rotation":0,"texture":"#0","tintindex":0},"down":{"uv":[1.125,5.875,0.0,6.375],"rotation":0,"texture":"#0","tintindex":0},"east":{"uv":[6.75,6.75,7.25,7.625],"rotation":0,"texture":"#0","tintindex":0},"west":{"uv":[6.875,0.0,7.375,0.875],"rotation":0,"texture":"#0","tintindex":0},"up":{"uv":[6.875,5.875,5.75,5.375],"rotation":0,"texture":"#0","tintindex":0}}},{"from":[4.8571424,4.5714283,6.857143],"to":[11.142858,10.857143,9.142858],"rotation":{"angle":-22.5,"axis":"x","origin":[8.285714,10.857143,9.142858]},"faces":{"south":{"uv":[0.0,1.375,1.375,2.75],"rotation":0,"texture":"#0","tintindex":0},"down":{"uv":[7.125,3.875,5.75,4.375],"rotation":0,"texture":"#0","tintindex":0},"east":{"uv":[5.25,5.0,5.75,6.375],"rotation":0,"texture":"#0","tintindex":0},"west":{"uv":[5.375,2.0,5.875,3.375],"rotation":0,"texture":"#0","tintindex":0},"up":{"uv":[6.75,3.875,5.375,3.375],"rotation":0,"texture":"#0","tintindex":0}}}],"textures":{"0":"modelengine:entity/omega"},"display":{"head":{"translation":[0.0,-6.4,0.0],"scale":[4.0,4.0,4.0]}}}