{"elements":[{"from":[5.429143,8.5720005,6.2862854],"to":[10.570857,13.142858,9.713715],"rotation":{"angle":0.0,"axis":"y","origin":[7.714286,1.7142854,8.0]},"faces":{"south":{"uv":[3.0,0.0,4.125,1.0],"rotation":0,"texture":"#0","tintindex":0},"north":{"uv":[2.875,2.0,4.0,3.0],"rotation":0,"texture":"#0","tintindex":0},"down":{"uv":[5.75,4.25,4.625,5.0],"rotation":0,"texture":"#0","tintindex":0},"east":{"uv":[0.0,4.875,0.75,5.875],"rotation":0,"texture":"#0","tintindex":0},"west":{"uv":[0.75,5.0,1.5,6.0],"rotation":0,"texture":"#0","tintindex":0},"up":{"uv":[5.75,4.25,4.625,3.5],"rotation":0,"texture":"#0","tintindex":0}}},{"from":[6.0005713,10.286285,6.857714],"to":[9.999429,13.142858,9.713715],"rotation":{"angle":-45.0,"axis":"x","origin":[7.714286,13.142858,9.714286]},"faces":{"south":{"uv":[7.0,6.25,7.875,6.875],"rotation":0,"texture":"#0","tintindex":0},"north":{"uv":[3.0,6.875,3.875,7.5],"rotation":0,"texture":"#0","tintindex":0},"down":{"uv":[0.875,7.25,0.0,7.875],"rotation":0,"texture":"#0","tintindex":0},"east":{"uv":[7.25,5.5,7.875,6.125],"rotation":0,"texture":"#0","tintindex":0},"west":{"uv":[6.875,7.5,7.5,8.125],"rotation":0,"texture":"#0","tintindex":0},"up":{"uv":[7.875,7.5,7.0,6.875],"rotation":0,"texture":"#0","tintindex":0}}},{"from":[4.714286,8.428572,6.142857],"to":[11.285714,13.286286,9.857143],"rotation":{"angle":0.0,"axis":"y","origin":[7.714286,1.7142854,8.0]},"faces":{"south":{"uv":[0.0,2.25,1.375,3.25],"rotation":0,"texture":"#0","tintindex":0},"north":{"uv":[1.5,2.0,2.875,3.0],"rotation":0,"texture":"#0","tintindex":0},"down":{"uv":[1.375,4.125,0.0,4.875],"rotation":0,"texture":"#0","tintindex":0},"east":{"uv":[1.5,5.0,2.25,6.0],"rotation":0,"texture":"#0","tintindex":0},"west":{"uv":[2.25,5.0,3.0,6.0],"rotation":0,"texture":"#0","tintindex":0},"up":{"uv":[5.375,2.625,4.0,1.875],"rotation":0,"texture":"#0","tintindex":0}}}],"textures":{"0":"modelengine:entity/saifer"},"display":{"head":{"translation":[0.0,-6.4,0.0],"scale":[4.0,4.0,4.0]}}}