{"elements":[{"from":[1.1428566,2.8571424,8.0],"to":[14.857143,13.142858,8.0],"rotation":{"angle":0.0,"axis":"y","origin":[8.0,7.428571,8.571428]},"faces":{"south":{"uv":[12.125,2.375,15.125,4.625],"rotation":0,"texture":"#0","tintindex":0},"north":{"uv":[12.125,2.375,15.125,4.625],"rotation":0,"texture":"#0","tintindex":0},"down":{"uv":[15.125,2.375,12.125,2.375],"rotation":0,"texture":"#0","tintindex":0},"east":{"uv":[9.125,2.375,9.125,4.625],"rotation":0,"texture":"#0","tintindex":0},"west":{"uv":[12.125,2.375,12.125,4.625],"rotation":0,"texture":"#0","tintindex":0},"up":{"uv":[12.125,2.375,9.125,2.375],"rotation":0,"texture":"#0","tintindex":0}}}],"textures":{"0":"modelengine:entity/saifer"},"display":{"head":{"translation":[0.0,-6.4,0.0],"scale":[4.0,4.0,4.0]}}}