{"elements":[{"from":[5.714857,2.2862859,5.714857],"to":[7.9994287,8.0,7.9994287],"rotation":{"angle":0.0,"axis":"y","origin":[10.285714,-2.285715,6.857143]},"faces":{"south":{"uv":[5.25,5.0,5.75,6.25],"rotation":0,"texture":"#0","tintindex":0},"north":{"uv":[4.25,5.0,4.75,6.25],"rotation":0,"texture":"#0","tintindex":0},"down":{"uv":[8.75,3.875,8.25,4.375],"rotation":0,"texture":"#0","tintindex":0},"east":{"uv":[4.75,5.0,5.25,6.25],"rotation":0,"texture":"#0","tintindex":0},"west":{"uv":[5.375,0.0,5.875,1.25],"rotation":0,"texture":"#0","tintindex":0},"up":{"uv":[8.75,3.875,8.25,3.375],"rotation":0,"texture":"#0","tintindex":0}}},{"from":[5.0,2.142857,5.5714283],"to":[7.5714283,8.142858,8.142858],"rotation":{"angle":0.0,"axis":"y","origin":[9.714286,-2.285715,6.857143]},"faces":{"south":{"uv":[3.5,5.625,4.0,6.875],"rotation":0,"texture":"#0","tintindex":0},"north":{"uv":[5.375,1.25,5.875,2.5],"rotation":0,"texture":"#0","tintindex":0},"down":{"uv":[7.75,8.25,7.25,8.75],"rotation":0,"texture":"#0","tintindex":0},"east":{"uv":[3.0,5.625,3.5,6.875],"rotation":0,"texture":"#0","tintindex":0},"west":{"uv":[5.75,2.5,6.25,3.75],"rotation":0,"texture":"#0","tintindex":0},"up":{"uv":[8.75,4.875,8.25,4.375],"rotation":0,"texture":"#0","tintindex":0}}}],"textures":{"0":"modelengine:entity/saifer"},"display":{"head":{"translation":[0.0,-6.4,0.0],"scale":[4.0,4.0,4.0]}}}