{"elements":[{"from":[5.685714,4.5714283,6.857143],"to":[7.9428573,8.0,9.142858],"rotation":{"angle":0.0,"axis":"y","origin":[7.9428573,1.1428566,8.0]},"faces":{"south":{"uv":[7.75,2.75,8.25,3.5],"rotation":0,"texture":"#0","tintindex":0},"north":{"uv":[7.5,7.5,8.0,8.25],"rotation":0,"texture":"#0","tintindex":0},"down":{"uv":[8.875,5.375,8.375,5.875],"rotation":0,"texture":"#0","tintindex":0},"east":{"uv":[7.75,2.0,8.25,2.75],"rotation":0,"texture":"#0","tintindex":0},"west":{"uv":[7.75,3.5,8.25,4.25],"rotation":0,"texture":"#0","tintindex":0},"up":{"uv":[5.75,8.875,5.25,8.375],"rotation":0,"texture":"#0","tintindex":0}}},{"from":[5.0,4.428571,6.714286],"to":[7.5714283,8.142858,9.285714],"rotation":{"angle":0.0,"axis":"y","origin":[7.3714285,1.1428566,8.0]},"faces":{"south":{"uv":[7.875,5.0,8.375,5.75],"rotation":0,"texture":"#0","tintindex":0},"north":{"uv":[7.75,4.25,8.25,5.0],"rotation":0,"texture":"#0","tintindex":0},"down":{"uv":[8.875,5.875,8.375,6.375],"rotation":0,"texture":"#0","tintindex":0},"east":{"uv":[0.0,7.875,0.5,8.625],"rotation":0,"texture":"#0","tintindex":0},"west":{"uv":[7.875,5.75,8.375,6.5],"rotation":0,"texture":"#0","tintindex":0},"up":{"uv":[6.25,8.875,5.75,8.375],"rotation":0,"texture":"#0","tintindex":0}}}],"textures":{"0":"modelengine:entity/saifer"},"display":{"head":{"translation":[0.0,-6.4,0.0],"scale":[4.0,4.0,4.0]}}}