{"elements":[{"from":[5.6862855,2.2862859,8.000571],"to":[7.9422855,8.0,10.285143],"rotation":{"angle":0.0,"axis":"y","origin":[7.9428573,4.0,9.142858]},"faces":{"south":{"uv":[6.25,2.5,6.75,3.75],"rotation":0,"texture":"#0","tintindex":0},"north":{"uv":[2.0,6.0,2.5,7.25],"rotation":0,"texture":"#0","tintindex":0},"down":{"uv":[8.875,6.375,8.375,6.875],"rotation":0,"texture":"#0","tintindex":0},"east":{"uv":[2.5,6.0,3.0,7.25],"rotation":0,"texture":"#0","tintindex":0},"west":{"uv":[6.25,3.75,6.75,5.0],"rotation":0,"texture":"#0","tintindex":0},"up":{"uv":[6.75,8.875,6.25,8.375],"rotation":0,"texture":"#0","tintindex":0}}},{"from":[5.0,2.142857,7.857143],"to":[7.5714283,8.142858,10.428572],"rotation":{"angle":0.0,"axis":"y","origin":[7.3714285,4.0,9.142858]},"faces":{"south":{"uv":[5.0,6.25,5.5,7.5],"rotation":0,"texture":"#0","tintindex":0},"north":{"uv":[4.0,6.25,4.5,7.5],"rotation":0,"texture":"#0","tintindex":0},"down":{"uv":[9.0,0.5,8.5,1.0],"rotation":0,"texture":"#0","tintindex":0},"east":{"uv":[4.5,6.25,5.0,7.5],"rotation":0,"texture":"#0","tintindex":0},"west":{"uv":[6.25,5.0,6.75,6.25],"rotation":0,"texture":"#0","tintindex":0},"up":{"uv":[9.0,0.5,8.5,0.0],"rotation":0,"texture":"#0","tintindex":0}}}],"textures":{"0":"modelengine:entity/saifer"},"display":{"head":{"translation":[0.0,-6.4,0.0],"scale":[4.0,4.0,4.0]}}}