{"elements":[{"from":[6.285714,5.142857,6.857143],"to":[8.0,9.142858,9.142858],"rotation":{"angle":0.0,"axis":"y","origin":[10.285714,-4.5714293,8.0]},"faces":{"south":{"uv":[2.375,8.125,2.75,9.0],"rotation":0,"texture":"#0","tintindex":0},"north":{"uv":[2.0,8.125,2.375,9.0],"rotation":0,"texture":"#0","tintindex":0},"down":{"uv":[7.25,2.0,6.875,2.5],"rotation":0,"texture":"#0","tintindex":0},"east":{"uv":[1.875,7.25,2.375,8.125],"rotation":0,"texture":"#0","tintindex":0},"west":{"uv":[7.25,2.0,7.75,2.875],"rotation":0,"texture":"#0","tintindex":0},"up":{"uv":[3.375,5.5,3.0,5.0],"rotation":0,"texture":"#0","tintindex":0}}},{"from":[5.5714283,5.0,6.714286],"to":[8.142858,9.285714,9.285714],"rotation":{"angle":0.0,"axis":"y","origin":[10.285714,-4.5714293,8.0]},"faces":{"south":{"uv":[7.25,3.75,7.75,4.625],"rotation":0,"texture":"#0","tintindex":0},"north":{"uv":[2.375,7.25,2.875,8.125],"rotation":0,"texture":"#0","tintindex":0},"down":{"uv":[8.75,2.875,8.25,3.375],"rotation":0,"texture":"#0","tintindex":0},"east":{"uv":[7.25,2.875,7.75,3.75],"rotation":0,"texture":"#0","tintindex":0},"west":{"uv":[7.25,4.625,7.75,5.5],"rotation":0,"texture":"#0","tintindex":0},"up":{"uv":[8.75,2.875,8.25,2.375],"rotation":0,"texture":"#0","tintindex":0}}}],"textures":{"0":"modelengine:entity/saifer"},"display":{"head":{"translation":[0.0,-6.4,0.0],"scale":[4.0,4.0,4.0]}}}