{"elements":[{"from":[8.0,5.142857,6.857143],"to":[9.714286,9.142858,9.142858],"rotation":{"angle":0.0,"axis":"y","origin":[5.714286,-4.5714293,8.0]},"faces":{"south":{"uv":[8.25,1.5,8.625,2.375],"rotation":0,"texture":"#0","tintindex":0},"north":{"uv":[6.875,8.125,7.25,9.0],"rotation":0,"texture":"#0","tintindex":0},"down":{"uv":[9.125,3.0,8.75,3.5],"rotation":0,"texture":"#0","tintindex":0},"east":{"uv":[2.875,7.5,3.375,8.375],"rotation":0,"texture":"#0","tintindex":0},"west":{"uv":[3.375,7.5,3.875,8.375],"rotation":0,"texture":"#0","tintindex":0},"up":{"uv":[9.125,3.0,8.75,2.5],"rotation":0,"texture":"#0","tintindex":0}}},{"from":[7.857143,5.0,6.714286],"to":[10.428572,9.285714,9.285714],"rotation":{"angle":0.0,"axis":"y","origin":[5.714286,-4.5714293,8.0]},"faces":{"south":{"uv":[4.875,7.5,5.375,8.375],"rotation":0,"texture":"#0","tintindex":0},"north":{"uv":[3.875,7.5,4.375,8.375],"rotation":0,"texture":"#0","tintindex":0},"down":{"uv":[3.75,8.375,3.25,8.875],"rotation":0,"texture":"#0","tintindex":0},"east":{"uv":[4.375,7.5,4.875,8.375],"rotation":0,"texture":"#0","tintindex":0},"west":{"uv":[5.375,7.5,5.875,8.375],"rotation":0,"texture":"#0","tintindex":0},"up":{"uv":[3.25,8.875,2.75,8.375],"rotation":0,"texture":"#0","tintindex":0}}}],"textures":{"0":"modelengine:entity/saifer"},"display":{"head":{"translation":[0.0,-6.4,0.0],"scale":[4.0,4.0,4.0]}}}