{"elements":[{"from":[8.057143,4.5714283,6.857143],"to":[10.314286,8.0,9.142858],"rotation":{"angle":0.0,"axis":"y","origin":[8.057143,1.1428566,8.0]},"faces":{"south":{"uv":[8.0,0.75,8.5,1.5],"rotation":0,"texture":"#0","tintindex":0},"north":{"uv":[7.875,6.5,8.375,7.25],"rotation":0,"texture":"#0","tintindex":0},"down":{"uv":[9.0,6.875,8.5,7.375],"rotation":0,"texture":"#0","tintindex":0},"east":{"uv":[8.0,0.0,8.5,0.75],"rotation":0,"texture":"#0","tintindex":0},"west":{"uv":[8.0,7.25,8.5,8.0],"rotation":0,"texture":"#0","tintindex":0},"up":{"uv":[9.0,1.5,8.5,1.0],"rotation":0,"texture":"#0","tintindex":0}}},{"from":[8.428572,4.428571,6.714286],"to":[11.0,8.142858,9.285714],"rotation":{"angle":0.0,"axis":"y","origin":[8.6285715,1.1428566,8.0]},"faces":{"south":{"uv":[1.0,8.125,1.5,8.875],"rotation":0,"texture":"#0","tintindex":0},"north":{"uv":[8.0,8.0,8.5,8.75],"rotation":0,"texture":"#0","tintindex":0},"down":{"uv":[9.0,7.875,8.5,8.375],"rotation":0,"texture":"#0","tintindex":0},"east":{"uv":[0.5,8.125,1.0,8.875],"rotation":0,"texture":"#0","tintindex":0},"west":{"uv":[1.5,8.125,2.0,8.875],"rotation":0,"texture":"#0","tintindex":0},"up":{"uv":[9.0,7.875,8.5,7.375],"rotation":0,"texture":"#0","tintindex":0}}}],"textures":{"0":"modelengine:entity/saifer"},"display":{"head":{"translation":[0.0,-6.4,0.0],"scale":[4.0,4.0,4.0]}}}