{"elements":[{"from":[8.000571,2.2862859,5.714857],"to":[10.285143,8.0,7.9994287],"rotation":{"angle":0.0,"axis":"y","origin":[5.714286,-2.285715,6.857143]},"faces":{"south":{"uv":[0.0,5.875,0.5,7.125],"rotation":0,"texture":"#0","tintindex":0},"north":{"uv":[5.75,3.75,6.25,5.0],"rotation":0,"texture":"#0","tintindex":0},"down":{"uv":[4.75,8.375,4.25,8.875],"rotation":0,"texture":"#0","tintindex":0},"east":{"uv":[5.75,5.0,6.25,6.25],"rotation":0,"texture":"#0","tintindex":0},"west":{"uv":[5.875,0.0,6.375,1.25],"rotation":0,"texture":"#0","tintindex":0},"up":{"uv":[4.25,8.875,3.75,8.375],"rotation":0,"texture":"#0","tintindex":0}}},{"from":[8.428572,2.142857,5.5714283],"to":[11.0,8.142858,8.142858],"rotation":{"angle":0.0,"axis":"y","origin":[6.285714,-2.285715,6.857143]},"faces":{"south":{"uv":[1.0,6.0,1.5,7.25],"rotation":0,"texture":"#0","tintindex":0},"north":{"uv":[5.875,1.25,6.375,2.5],"rotation":0,"texture":"#0","tintindex":0},"down":{"uv":[8.875,4.875,8.375,5.375],"rotation":0,"texture":"#0","tintindex":0},"east":{"uv":[0.5,6.0,1.0,7.25],"rotation":0,"texture":"#0","tintindex":0},"west":{"uv":[1.5,6.0,2.0,7.25],"rotation":0,"texture":"#0","tintindex":0},"up":{"uv":[5.25,8.875,4.75,8.375],"rotation":0,"texture":"#0","tintindex":0}}}],"textures":{"0":"modelengine:entity/saifer"},"display":{"head":{"translation":[0.0,-6.4,0.0],"scale":[4.0,4.0,4.0]}}}