{"elements":[{"from":[8.057714,2.2862859,8.000571],"to":[10.313715,8.0,10.285143],"rotation":{"angle":0.0,"axis":"y","origin":[8.057143,4.0,9.142858]},"faces":{"south":{"uv":[6.375,0.0,6.875,1.25],"rotation":0,"texture":"#0","tintindex":0},"north":{"uv":[5.5,6.25,6.0,7.5],"rotation":0,"texture":"#0","tintindex":0},"down":{"uv":[0.5,8.625,0.0,9.125],"rotation":0,"texture":"#0","tintindex":0},"east":{"uv":[6.0,6.25,6.5,7.5],"rotation":0,"texture":"#0","tintindex":0},"west":{"uv":[6.375,1.25,6.875,2.5],"rotation":0,"texture":"#0","tintindex":0},"up":{"uv":[9.0,8.875,8.5,8.375],"rotation":0,"texture":"#0","tintindex":0}}},{"from":[8.428572,2.142857,7.857143],"to":[11.0,8.142858,10.428572],"rotation":{"angle":0.0,"axis":"y","origin":[8.6285715,4.0,9.142858]},"faces":{"south":{"uv":[6.75,3.75,7.25,5.0],"rotation":0,"texture":"#0","tintindex":0},"north":{"uv":[6.5,6.25,7.0,7.5],"rotation":0,"texture":"#0","tintindex":0},"down":{"uv":[9.25,2.0,8.75,2.5],"rotation":0,"texture":"#0","tintindex":0},"east":{"uv":[6.75,2.5,7.25,3.75],"rotation":0,"texture":"#0","tintindex":0},"west":{"uv":[6.75,5.0,7.25,6.25],"rotation":0,"texture":"#0","tintindex":0},"up":{"uv":[9.125,2.0,8.625,1.5],"rotation":0,"texture":"#0","tintindex":0}}}],"textures":{"0":"modelengine:entity/saifer"},"display":{"head":{"translation":[0.0,-6.4,0.0],"scale":[4.0,4.0,4.0]}}}