{"elements":[{"from":[5.429143,9.143429,6.857714],"to":[10.570857,13.142858,9.142285],"rotation":{"angle":0.0,"axis":"y","origin":[7.714286,2.2857141,8.0]},"faces":{"south":{"uv":[1.375,4.125,2.5,5.0],"rotation":0,"texture":"#0","tintindex":0},"north":{"uv":[4.125,0.0,5.25,0.875],"rotation":0,"texture":"#0","tintindex":0},"down":{"uv":[8.0,0.5,6.875,1.0],"rotation":0,"texture":"#0","tintindex":0},"east":{"uv":[0.875,7.25,1.375,8.125],"rotation":0,"texture":"#0","tintindex":0},"west":{"uv":[1.375,7.25,1.875,8.125],"rotation":0,"texture":"#0","tintindex":0},"up":{"uv":[8.0,0.5,6.875,0.0],"rotation":0,"texture":"#0","tintindex":0}}},{"from":[5.285714,9.0,6.714286],"to":[10.714286,13.286286,9.285714],"rotation":{"angle":0.0,"axis":"y","origin":[7.714286,2.2857141,8.0]},"faces":{"south":{"uv":[4.625,2.625,5.75,3.5],"rotation":0,"texture":"#0","tintindex":0},"north":{"uv":[4.25,0.875,5.375,1.75],"rotation":0,"texture":"#0","tintindex":0},"down":{"uv":[8.0,1.5,6.875,2.0],"rotation":0,"texture":"#0","tintindex":0},"east":{"uv":[5.875,7.5,6.375,8.375],"rotation":0,"texture":"#0","tintindex":0},"west":{"uv":[6.375,7.5,6.875,8.375],"rotation":0,"texture":"#0","tintindex":0},"up":{"uv":[8.0,1.5,6.875,1.0],"rotation":0,"texture":"#0","tintindex":0}}}],"textures":{"0":"modelengine:entity/saifer"},"display":{"head":{"translation":[0.0,-6.4,0.0],"scale":[4.0,4.0,4.0]}}}