{"format_version":"1.9.0","credit":"Made with Blockbench","texture_size":[32,32],"textures":{"1":"nightvision:melee/astral_edge"},"elements":[{"from":[7.3,0.6,7.3],"to":[8.7,5,8.7],"rotation":{"angle":-45,"axis":"y","origin":[8,2.8,8]},"faces":{"north":{"uv":[0,8.5,1,11],"texture":"#1"},"east":{"uv":[1,8.5,2,11],"texture":"#1"},"south":{"uv":[2,8.5,3,11],"texture":"#1"},"west":{"uv":[8,6,9,8.5],"texture":"#1"},"up":{"uv":[10,5,9,4],"rotation":270,"texture":"#1"},"down":{"uv":[10,5,9,6],"rotation":90,"texture":"#1"}}},{"from":[7,5,5],"to":[9,6,11],"rotation":{"angle":0,"axis":"y","origin":[7,5,7]},"faces":{"north":{"uv":[10,4.5,11,5],"texture":"#1"},"east":{"uv":[9,0,12,0.5],"texture":"#1"},"south":{"uv":[5,10,6,10.5],"texture":"#1"},"west":{"uv":[9,0.5,12,1],"texture":"#1"},"up":{"uv":[9,3,8,0],"texture":"#1"},"down":{"uv":[9,3,8,6],"texture":"#1"}}},{"from":[7.5,6,7],"to":[8.5,9,9],"rotation":{"angle":0,"axis":"y","origin":[7.5,6,7]},"faces":{"north":{"uv":[9.5,8.5,10,10],"texture":"#1"},"east":{"uv":[9,1,10,2.5],"texture":"#1"},"south":{"uv":[10,1,10.5,2.5],"texture":"#1"},"west":{"uv":[9,2.5,10,4],"texture":"#1"},"up":{"uv":[10.5,6,10,5],"texture":"#1"},"down":{"uv":[6.5,10,6,11],"texture":"#1"}}},{"from":[7,-1.9,6.5],"to":[9,-0.9,9.5],"rotation":{"angle":0,"axis":"y","origin":[7,-1.9,6.5]},"faces":{"north":{"uv":[4,10,5,10.5],"texture":"#1"},"east":{"uv":[9.5,7.5,11,8],"texture":"#1"},"south":{"uv":[10,4,11,4.5],"texture":"#1"},"west":{"uv":[9.5,8,11,8.5],"texture":"#1"},"up":{"uv":[8,10,7,8.5],"texture":"#1"},"down":{"uv":[9,8.5,8,10],"texture":"#1"}}},{"from":[7.5,-2.9,7.5],"to":[8.5,-1.9,8.5],"rotation":{"angle":0,"axis":"y","origin":[7.5,-2.9,6.5]},"faces":{"north":{"uv":[10,6,10.5,6.5],"texture":"#1"},"east":{"uv":[6.5,10,7,10.5],"texture":"#1"},"south":{"uv":[10,6.5,10.5,7],"texture":"#1"},"west":{"uv":[7,10,7.5,10.5],"texture":"#1"},"up":{"uv":[10.5,7.5,10,7],"texture":"#1"},"down":{"uv":[8,10,7.5,10.5],"texture":"#1"}}},{"from":[6.96995,-2.7981,7.97919],"to":[8.98995,0.2219,8.99919],"rotation":{"angle":-22.5,"axis":"x","origin":[6.97995,0.2119,6.98919]},"faces":{"north":{"uv":[3,8.5,4,10],"texture":"#1"},"east":{"uv":[9,6,9.5,7.5],"texture":"#1"},"south":{"uv":[4,8.5,5,10],"texture":"#1"},"west":{"uv":[9,7.5,9.5,9],"texture":"#1"},"up":{"uv":[11,3,10,2.5],"texture":"#1"},"down":{"uv":[4,10,3,10.5],"texture":"#1"}}},{"from":[6.96995,-2.7981,7.00081],"to":[8.98995,0.2219,8.02081],"rotation":{"angle":22.5,"axis":"x","origin":[6.97995,0.2119,9.01081]},"faces":{"north":{"uv":[5,8.5,4,10],"texture":"#1"},"east":{"uv":[9.5,6,9,7.5],"texture":"#1"},"south":{"uv":[4,8.5,3,10],"texture":"#1"},"west":{"uv":[9.5,7.5,9,9],"texture":"#1"},"up":{"uv":[11,2.5,10,3],"texture":"#1"},"down":{"uv":[4,10.5,3,10],"texture":"#1"}}},{"from":[8,3,4.25],"to":[8,20,12.25],"rotation":{"angle":0,"axis":"y","origin":[7,3,7.2]},"faces":{"north":{"uv":[0,0,0,8.5],"texture":"#1"},"east":{"uv":[0,0,4,8.5],"texture":"#1"},"south":{"uv":[0,0,0,8.5],"texture":"#1"},"west":{"uv":[4,0,8,8.5],"texture":"#1"},"up":{"uv":[0,4,0,0],"texture":"#1"},"down":{"uv":[0,0,0,4],"texture":"#1"}}}],"gui_light":"front","display":{"thirdperson_righthand":{"translation":[0,3.5,1]},"thirdperson_lefthand":{"translation":[0,3.5,1]},"firstperson_righthand":{"rotation":[0,0,-7],"translation":[0.25,3.25,0.25]},"firstperson_lefthand":{"rotation":[0,0,-7],"translation":[0.25,3.25,0.25]},"ground":{"rotation":[0,0,90],"translation":[0,1.25,0],"scale":[0.4,0.4,0.4]},"gui":{"rotation":[90,45,-90],"scale":[0.99,0.99,0.99]},"fixed":{"rotation":[-180,-90,-180],"translation":[0,-0.5,-0.25],"scale":[1.09,1.09,1.09]}}}