{"format_version":"1.9.0","credit":"Made with Blockbench","texture_size":[32,32],"textures":{"3":"nightvision:melee/electroclaws_predator"},"elements":[{"from":[7,7.5,8],"to":[9,8.5,12],"rotation":{"angle":0,"axis":"y","origin":[7,4.5,12]},"faces":{"north":{"uv":[2,7,3,7.5],"texture":"#3"},"east":{"uv":[6.5,6,8.5,6.5],"texture":"#3"},"south":{"uv":[4.5,7,5.5,7.5],"texture":"#3"},"west":{"uv":[6.5,6.5,8.5,7],"texture":"#3"},"up":{"uv":[6.5,5,5.5,3],"texture":"#3"},"down":{"uv":[4.5,6,3.5,8],"texture":"#3"}}},{"from":[6.5,3,1],"to":[6.5,10,8],"rotation":{"angle":0,"axis":"y","origin":[3.5,7,5]},"faces":{"north":{"uv":[0,0,0,3.5],"texture":"#3"},"east":{"uv":[0,0,3.5,3.5],"texture":"#3"},"south":{"uv":[0,0,0,3.5],"texture":"#3"},"west":{"uv":[0,3.5,3.5,7],"texture":"#3"},"up":{"uv":[0,0,0,3.5],"texture":"#3"},"down":{"uv":[0,0,0,3.5],"texture":"#3"}}},{"from":[9.5,3,1],"to":[9.5,10,8],"rotation":{"angle":0,"axis":"y","origin":[6.5,7,5]},"faces":{"north":{"uv":[0,0,0,3.5],"texture":"#3"},"east":{"uv":[0,0,3.5,3.5],"texture":"#3"},"south":{"uv":[0,0,0,3.5],"texture":"#3"},"west":{"uv":[0,3.5,3.5,7],"texture":"#3"},"up":{"uv":[0,0,0,3.5],"texture":"#3"},"down":{"uv":[0,0,0,3.5],"texture":"#3"}}},{"from":[8,3,0],"to":[8,10,7],"rotation":{"angle":0,"axis":"y","origin":[5,7,4]},"faces":{"north":{"uv":[0,0,0,3.5],"texture":"#3"},"east":{"uv":[0,0,3.5,3.5],"texture":"#3"},"south":{"uv":[0,0,0,3.5],"texture":"#3"},"west":{"uv":[0,3.5,3.5,7],"texture":"#3"},"up":{"uv":[0,0,0,3.5],"texture":"#3"},"down":{"uv":[0,0,0,3.5],"texture":"#3"}}},{"from":[6,4,5],"to":[10,6,7],"rotation":{"angle":0,"axis":"y","origin":[7,4,5]},"faces":{"north":{"uv":[4.5,6,6.5,7],"texture":"#3"},"east":{"uv":[0,7,1,8],"texture":"#3"},"south":{"uv":[6,5,8,6],"texture":"#3"},"west":{"uv":[1,7,2,8],"texture":"#3"},"up":{"uv":[8.5,4,6.5,3],"texture":"#3"},"down":{"uv":[8.5,4,6.5,5],"texture":"#3"}}},{"from":[6,6,5],"to":[10,8,10],"rotation":{"angle":0,"axis":"y","origin":[7,6,6]},"faces":{"north":{"uv":[5.5,1,7.5,2],"texture":"#3"},"east":{"uv":[3.5,5,6,6],"texture":"#3"},"south":{"uv":[5.5,2,7.5,3],"texture":"#3"},"west":{"uv":[5.5,0,8,1],"texture":"#3"},"up":{"uv":[5.5,2.5,3.5,0],"texture":"#3"},"down":{"uv":[5.5,2.5,3.5,5],"texture":"#3"}}}],"gui_light":"front","display":{"thirdperson_righthand":{"rotation":[0,0,-90],"translation":[2.5,-2,2],"scale":[1.15,1.15,1.15]},"thirdperson_lefthand":{"rotation":[0,0,-90],"translation":[2.5,-2,2],"scale":[1.15,1.15,1.15]},"firstperson_righthand":{"rotation":[36.75,0,-14],"translation":[2,1.25,1],"scale":[1.11,1.11,1.11]},"firstperson_lefthand":{"rotation":[36.75,0,-14],"translation":[2,1.25,1],"scale":[1.11,1.11,1.11]},"ground":{"translation":[0,1.25,0],"scale":[0.82,0.82,0.82]},"gui":{"rotation":[75.91,-36.89,40.8],"translation":[-2.5,-1.5,0],"scale":[1.46,1.46,1.46]},"fixed":{"rotation":[-90,-180,0],"translation":[0,-3,-4.75],"scale":[1.68,1.68,1.68]}}}