{"format_version":"1.9.0","credit":"Made with Blockbench","texture_size":[64,64],"textures":{"0":"nightvision:melee/glitch_blade","particle":"nightvision:melee/glitch_blade"},"elements":[{"from":[7,-13,7],"to":[9,-6,9],"rotation":{"angle":0,"axis":"y","origin":[7,-14,7]},"faces":{"north":{"uv":[3.5,3,4,4.75],"texture":"#0"},"east":{"uv":[4,3,4.5,4.75],"texture":"#0"},"south":{"uv":[4.5,3,5,4.75],"texture":"#0"},"west":{"uv":[3.5,4.75,4,6.5],"texture":"#0"},"up":{"uv":[6,1.5,5.5,1],"texture":"#0"},"down":{"uv":[6,1.5,5.5,2],"texture":"#0"}}},{"from":[7.5,-16,7.5],"to":[8.5,-13,8.5],"rotation":{"angle":0,"axis":"y","origin":[6.5,-17,7.5]},"faces":{"north":{"uv":[5.5,2,5.75,2.75],"texture":"#0"},"east":{"uv":[5,5.5,5.25,6.25],"texture":"#0"},"south":{"uv":[5.25,5.5,5.5,6.25],"texture":"#0"},"west":{"uv":[5.5,5.5,5.75,6.25],"texture":"#0"},"up":{"uv":[5.75,3,5.5,2.75],"texture":"#0"},"down":{"uv":[6,2,5.75,2.25],"texture":"#0"}}},{"from":[6.5,-15,6.5],"to":[9.5,-13,9.5],"rotation":{"angle":0,"axis":"y","origin":[6.5,-17,7.5]},"faces":{"north":{"uv":[5,4.5,5.75,5],"texture":"#0"},"east":{"uv":[5,5,5.75,5.5],"texture":"#0"},"south":{"uv":[5.5,0,6.25,0.5],"texture":"#0"},"west":{"uv":[5.5,0.5,6.25,1],"texture":"#0"},"up":{"uv":[5.75,3.75,5,3],"texture":"#0"},"down":{"uv":[5.75,3.75,5,4.5],"texture":"#0"}}},{"from":[7,-6,5],"to":[9,0,11],"rotation":{"angle":0,"axis":"y","origin":[7,-6,7]},"faces":{"north":{"uv":[4,4.75,4.5,6.25],"texture":"#0"},"east":{"uv":[3.5,0,5,1.5],"texture":"#0"},"south":{"uv":[4.5,4.75,5,6.25],"texture":"#0"},"west":{"uv":[3.5,1.5,5,3],"texture":"#0"},"up":{"uv":[5.5,1.5,5,0],"texture":"#0"},"down":{"uv":[5.5,1.5,5,3],"texture":"#0"}}},{"from":[8,-6,4.5],"to":[8,32,11.5],"rotation":{"angle":0,"axis":"y","origin":[7,-6,6.5]},"faces":{"north":{"uv":[0,0,0,9.5],"texture":"#0"},"east":{"uv":[0,0,1.75,9.5],"texture":"#0"},"south":{"uv":[0,0,0,9.5],"texture":"#0"},"west":{"uv":[1.75,0,3.5,9.5],"texture":"#0"},"up":{"uv":[0,1.75,0,0],"texture":"#0"},"down":{"uv":[0,0,0,1.75],"texture":"#0"}}}],"gui_light":"front","display":{"thirdperson_righthand":{"translation":[0,12,1],"scale":[0.8,0.8,0.8]},"thirdperson_lefthand":{"translation":[0,12,1],"scale":[0.8,0.8,0.8]},"firstperson_righthand":{"rotation":[0,0,-8],"translation":[2,6,-1],"scale":[0.64,0.64,0.64]},"firstperson_lefthand":{"rotation":[0,0,-8],"translation":[2,6,-1],"scale":[0.64,0.64,0.64]},"ground":{"rotation":[0,0,90],"translation":[0,2.25,0],"scale":[0.5,0.5,0.5]},"gui":{"rotation":[90,45,-90],"scale":[0.5,0.5,0.5]},"fixed":{"rotation":[0,90,0],"translation":[0,0,-1]}}}