{"format_version":"1.9.0","credit":"Made with Blockbench","texture_size":[64,64],"textures":{"3":"nightvision:melee/resonator"},"elements":[{"from":[7.5,17,6],"to":[8.5,22,10],"rotation":{"angle":0,"axis":"y","origin":[7.5,14,8]},"faces":{"north":{"uv":[9.25,8,9.5,9.25],"texture":"#3"},"east":{"uv":[4.75,8.5,5.75,9.75],"texture":"#3"},"south":{"uv":[9.25,9.25,9.5,10.5],"texture":"#3"},"west":{"uv":[5.75,8.5,6.75,9.75],"texture":"#3"},"up":{"uv":[6,2.75,5.75,1.75],"texture":"#3"},"down":{"uv":[9,3.25,8.75,4.25],"texture":"#3"}}},{"from":[6.5,0,7],"to":[9.5,2,9],"rotation":{"angle":0,"axis":"y","origin":[8.5,-1,8]},"faces":{"north":{"uv":[4.75,6,5.5,6.5],"texture":"#3"},"east":{"uv":[2.5,7.25,3,7.75],"texture":"#3"},"south":{"uv":[1.75,7.25,2.5,7.75],"texture":"#3"},"west":{"uv":[9.75,0,10.25,0.5],"texture":"#3"},"up":{"uv":[4,9.75,3.25,9.25],"texture":"#3"},"down":{"uv":[4.75,9.25,4,9.75],"texture":"#3"}}},{"from":[7,2,7],"to":[9,3,9],"rotation":{"angle":0,"axis":"y","origin":[8,2,8]},"faces":{"north":{"uv":[4.75,6.5,5.25,6.75],"texture":"#3"},"east":{"uv":[9.75,3.5,10.25,3.75],"texture":"#3"},"south":{"uv":[3.75,9.75,4.25,10],"texture":"#3"},"west":{"uv":[9.75,3.75,10.25,4],"texture":"#3"},"up":{"uv":[10.25,1,9.75,0.5],"texture":"#3"},"down":{"uv":[10.25,1,9.75,1.5],"texture":"#3"}}},{"from":[7,9,6],"to":[9,12,10],"rotation":{"angle":0,"axis":"y","origin":[8,9,8]},"faces":{"north":{"uv":[9.25,6,9.75,6.75],"texture":"#3"},"east":{"uv":[7.25,6,8.25,6.75],"texture":"#3"},"south":{"uv":[9.25,6.75,9.75,7.5],"texture":"#3"},"west":{"uv":[7.75,3.25,8.75,4],"texture":"#3"},"up":{"uv":[2.25,10.25,1.75,9.25],"texture":"#3"},"down":{"uv":[2.75,9.25,2.25,10.25],"texture":"#3"}}},{"from":[7.3,1.3,7.3],"to":[8.7,9.7,8.7],"rotation":{"angle":0,"axis":"y","origin":[8,8,8]},"faces":{"north":{"uv":[6.75,8.5,7.25,10.75],"texture":"#3"},"east":{"uv":[7.25,8.5,7.75,10.75],"texture":"#3"},"south":{"uv":[7.75,8.5,8.25,10.75],"texture":"#3"},"west":{"uv":[0,9,0.5,11.25],"texture":"#3"},"up":{"uv":[10.25,2,9.75,1.5],"texture":"#3"},"down":{"uv":[10.25,2,9.75,2.5],"texture":"#3"}}},{"from":[7,7,7],"to":[9,8,9],"rotation":{"angle":0,"axis":"y","origin":[8,7,8]},"faces":{"north":{"uv":[9.75,4,10.25,4.25],"texture":"#3"},"east":{"uv":[4.25,9.75,4.75,10],"texture":"#3"},"south":{"uv":[9.75,4.25,10.25,4.5],"texture":"#3"},"west":{"uv":[4.75,9.75,5.25,10],"texture":"#3"},"up":{"uv":[10.25,3,9.75,2.5],"texture":"#3"},"down":{"uv":[10.25,3,9.75,3.5],"texture":"#3"}}},{"from":[4.5,22,3],"to":[11.5,29,13],"rotation":{"angle":0,"axis":"y","origin":[7.5,22,8]},"faces":{"north":{"uv":[3,6,4.75,7.75],"texture":"#3"},"east":{"uv":[4,0,6.5,1.75],"texture":"#3"},"south":{"uv":[6.5,0,8.25,1.75],"texture":"#3"},"west":{"uv":[3,4.25,5.5,6],"texture":"#3"},"up":{"uv":[7.25,6.75,5.5,4.25],"texture":"#3"},"down":{"uv":[7.75,1.75,6,4.25],"texture":"#3"}}},{"from":[6,21,5],"to":[10,22,11],"rotation":{"angle":0,"axis":"y","origin":[8,19,8]},"faces":{"north":{"uv":[7.75,4,8.75,4.25],"texture":"#3"},"east":{"uv":[9.25,7.5,10.75,7.75],"texture":"#3"},"south":{"uv":[8.25,1.5,9.25,1.75],"texture":"#3"},"west":{"uv":[9.25,7.75,10.75,8],"texture":"#3"},"up":{"uv":[9.25,7.5,8.25,6],"texture":"#3"},"down":{"uv":[9.25,7.5,8.25,9],"texture":"#3"}}},{"from":[4.5,22,14],"to":[11.5,29,16],"rotation":{"angle":0,"axis":"y","origin":[7.5,22,21]},"faces":{"north":{"uv":[4.75,6.75,6.5,8.5],"texture":"#3"},"east":{"uv":[1.25,9,1.75,10.75],"texture":"#3"},"south":{"uv":[6.5,6.75,8.25,8.5],"texture":"#3"},"west":{"uv":[8.25,9,8.75,10.75],"texture":"#3"},"up":{"uv":[5.75,2.25,4,1.75],"texture":"#3"},"down":{"uv":[5.75,2.25,4,2.75],"texture":"#3"}}},{"from":[4.5,22,0],"to":[11.5,29,2],"rotation":{"angle":0,"axis":"y","origin":[7.5,22,7]},"faces":{"north":{"uv":[0,7.25,1.75,9],"texture":"#3"},"east":{"uv":[8.75,9,9.25,10.75],"texture":"#3"},"south":{"uv":[7.25,4.25,9,6],"texture":"#3"},"west":{"uv":[9.25,1.5,9.75,3.25],"texture":"#3"},"up":{"uv":[10.75,5,9,4.5],"texture":"#3"},"down":{"uv":[10.75,5,9,5.5],"texture":"#3"}}},{"from":[5,22.5,2],"to":[11,28.5,14],"rotation":{"angle":0,"axis":"y","origin":[8,21.5,9]},"faces":{"north":{"uv":[3.25,7.75,4.75,9.25],"texture":"#3"},"east":{"uv":[0,2.75,3,4.25],"texture":"#3"},"south":{"uv":[8.25,0,9.75,1.5],"texture":"#3"},"west":{"uv":[3,2.75,6,4.25],"texture":"#3"},"up":{"uv":[1.5,7.25,0,4.25],"texture":"#3"},"down":{"uv":[3,4.25,1.5,7.25],"texture":"#3"}}},{"from":[7.5,10,4],"to":[8.5,11,12],"rotation":{"angle":0,"axis":"y","origin":[7.5,10,8]},"faces":{"north":{"uv":[5.25,6.5,5.5,6.75],"texture":"#3"},"east":{"uv":[9,5.5,11,5.75],"texture":"#3"},"south":{"uv":[5.25,9.75,5.5,10],"texture":"#3"},"west":{"uv":[9,5.75,11,6],"texture":"#3"},"up":{"uv":[3,11.25,2.75,9.25],"texture":"#3"},"down":{"uv":[3.25,9.25,3,11.25],"texture":"#3"}}},{"from":[7.5,12,6.5],"to":[8.5,17,9.5],"rotation":{"angle":0,"axis":"y","origin":[7.5,9,7.5]},"faces":{"north":{"uv":[9.5,8,9.75,9.25],"texture":"#3"},"east":{"uv":[0.5,9,1.25,10.25],"texture":"#3"},"south":{"uv":[9.5,9.25,9.75,10.5],"texture":"#3"},"west":{"uv":[9,3.25,9.75,4.5],"texture":"#3"},"up":{"uv":[3.5,10.5,3.25,9.75],"texture":"#3"},"down":{"uv":[3.75,9.75,3.5,10.5],"texture":"#3"}}},{"from":[8,11,4],"to":[8,22,12],"rotation":{"angle":0,"axis":"y","origin":[7,19,7]},"faces":{"north":{"uv":[0,0,0,2.75],"texture":"#3"},"east":{"uv":[0,0,2,2.75],"texture":"#3"},"south":{"uv":[0,0,0,2.75],"texture":"#3"},"west":{"uv":[2,0,4,2.75],"texture":"#3"},"up":{"uv":[0,2,0,0],"texture":"#3"},"down":{"uv":[0,0,0,2],"texture":"#3"}}},{"from":[5,17,5],"to":[11,23,5],"rotation":{"angle":0,"axis":"y","origin":[7,21,4]},"faces":{"north":{"uv":[1.75,7.75,3.25,9.25],"texture":"#3"},"east":{"uv":[0,0,0,1.5],"texture":"#3"},"south":{"uv":[7.75,1.75,9.25,3.25],"texture":"#3"},"west":{"uv":[0,0,0,1.5],"texture":"#3"},"up":{"uv":[1.5,0,0,0],"texture":"#3"},"down":{"uv":[1.5,0,0,0],"texture":"#3"}}},{"from":[5,17,11],"to":[11,23,11],"rotation":{"angle":0,"axis":"y","origin":[7,21,10]},"faces":{"north":{"uv":[1.75,7.75,3.25,9.25],"texture":"#3"},"east":{"uv":[0,0,0,1.5],"texture":"#3"},"south":{"uv":[7.75,1.75,9.25,3.25],"texture":"#3"},"west":{"uv":[0,0,0,1.5],"texture":"#3"},"up":{"uv":[1.5,0,0,0],"texture":"#3"},"down":{"uv":[1.5,0,0,0],"texture":"#3"}}}],"display":{"thirdperson_righthand":{"translation":[0,1.25,1.25]},"thirdperson_lefthand":{"translation":[0,1.25,1.25]},"firstperson_righthand":{"rotation":[0,0,-10.25],"translation":[-0.5,0.5,0],"scale":[0.65,0.65,0.65]},"firstperson_lefthand":{"rotation":[0,0,-10.25],"translation":[-0.5,0.5,0],"scale":[0.65,0.65,0.65]},"ground":{"rotation":[-180,0,0],"translation":[0,14.75,0],"scale":[0.65,0.65,0.65]},"gui":{"rotation":[-104.5,-48.25,-90],"translation":[-4.5,-4.75,0],"scale":[0.8,0.8,0.8]},"head":{"rotation":[-90,0,0],"translation":[0,19,27.5],"scale":[1.6,1.6,1.6]},"fixed":{"rotation":[0,90,0],"translation":[0,-6,-2]}},"groups":[{"name":"group","origin":[7.5,9,8.5],"color":0,"children":[0,1,2,3,4,5,6,7,8,9,10,11,12,13,14,15]}]}