{"format_version":"1.9.0","credit":"Made with Blockbench","texture_size":[64,64],"textures":{"1":"nightvision:armor/health_helmet"},"elements":[{"from":[4,3,4],"to":[12,8,12],"rotation":{"angle":0,"axis":"y","origin":[8,0,8]},"faces":{"north":{"uv":[2,0,4,1.25],"texture":"#1"},"east":{"uv":[2,1.25,4,2.5],"texture":"#1"},"south":{"uv":[2,2.5,4,3.75],"texture":"#1"},"west":{"uv":[2,3.75,4,5],"texture":"#1"},"up":{"uv":[2,2,0,0],"texture":"#1"},"down":{"uv":[2,2,0,4],"texture":"#1"}}},{"from":[6,0,4],"to":[10,3,12],"rotation":{"angle":0,"axis":"y","origin":[8,-5,8]},"faces":{"north":{"uv":[1,6.25,2,7],"texture":"#1"},"east":{"uv":[5,0,7,0.75],"texture":"#1"},"south":{"uv":[2,6.25,3,7],"texture":"#1"},"west":{"uv":[5,0.75,7,1.5],"texture":"#1"},"up":{"uv":[1,6,0,4],"texture":"#1"},"down":{"uv":[5,0,4,2],"texture":"#1"}}},{"from":[10,5,4],"to":[11,8,13],"rotation":{"angle":-22.5,"axis":"x","origin":[10,8,4]},"faces":{"north":{"uv":[8,0.75,8.25,1.5],"texture":"#1"},"east":{"uv":[4,2,6.25,2.75],"texture":"#1"},"south":{"uv":[2,8,2.25,8.75],"texture":"#1"},"west":{"uv":[4,2.75,6.25,3.5],"texture":"#1"},"up":{"uv":[3.25,8.5,3,6.25],"texture":"#1"},"down":{"uv":[3.5,6.25,3.25,8.5],"texture":"#1"}}},{"from":[5,5,4],"to":[6,8,13],"rotation":{"angle":-22.5,"axis":"x","origin":[5,8,4]},"faces":{"north":{"uv":[2.25,8,2.5,8.75],"texture":"#1"},"east":{"uv":[4,3.5,6.25,4.25],"texture":"#1"},"south":{"uv":[2.5,8,2.75,8.75],"texture":"#1"},"west":{"uv":[4,4.25,6.25,5],"texture":"#1"},"up":{"uv":[6.75,8.25,6.5,6],"texture":"#1"},"down":{"uv":[7,6,6.75,8.25],"texture":"#1"}}},{"from":[3,5,12.5],"to":[13,7,13.5],"rotation":{"angle":0,"axis":"y","origin":[8,4,7.5]},"faces":{"north":{"uv":[5,1.5,7.5,2],"texture":"#1"},"east":{"uv":[2.75,8,3,8.5],"texture":"#1"},"south":{"uv":[4.5,5,7,5.5],"texture":"#1"},"west":{"uv":[8,3,8.25,3.5],"texture":"#1"},"up":{"uv":[8.75,2.25,6.25,2],"texture":"#1"},"down":{"uv":[8.75,2.25,6.25,2.5],"texture":"#1"}}},{"from":[3,1.5,12.5],"to":[13,3.5,13.5],"rotation":{"angle":0,"axis":"y","origin":[8,0.5,7.5]},"faces":{"north":{"uv":[4.5,5.5,7,6],"texture":"#1"},"east":{"uv":[8,3.5,8.25,4],"texture":"#1"},"south":{"uv":[1,5.75,3.5,6.25],"texture":"#1"},"west":{"uv":[8,4,8.25,4.5],"texture":"#1"},"up":{"uv":[8.75,2.75,6.25,2.5],"texture":"#1"},"down":{"uv":[8.75,2.75,6.25,3],"texture":"#1"}}},{"from":[2.5,5,8.5],"to":[3.5,7,12.5],"rotation":{"angle":0,"axis":"y","origin":[8.5,4,6.5]},"faces":{"north":{"uv":[8,5.5,8.25,6],"texture":"#1"},"east":{"uv":[6.25,4,7.25,4.5],"texture":"#1"},"south":{"uv":[8,7.25,8.25,7.75],"texture":"#1"},"west":{"uv":[6.25,4.5,7.25,5],"texture":"#1"},"up":{"uv":[8,4,7.75,3],"texture":"#1"},"down":{"uv":[3.75,7.75,3.5,8.75],"texture":"#1"}}},{"from":[2.5,1.5,8.5],"to":[3.5,3.5,12.5],"rotation":{"angle":0,"axis":"y","origin":[8.5,0.5,6.5]},"faces":{"north":{"uv":[8,4.5,8.25,5],"texture":"#1"},"east":{"uv":[6.25,3,7.25,3.5],"texture":"#1"},"south":{"uv":[8,5,8.25,5.5],"texture":"#1"},"west":{"uv":[6.25,3.5,7.25,4],"texture":"#1"},"up":{"uv":[7.75,7.25,7.5,6.25],"texture":"#1"},"down":{"uv":[7.75,7.25,7.5,8.25],"texture":"#1"}}},{"from":[12.5,5,8.5],"to":[13.5,7,12.5],"rotation":{"angle":0,"axis":"y","origin":[18.5,4,6.5]},"faces":{"north":{"uv":[8.25,0,8.5,0.5],"texture":"#1"},"east":{"uv":[1,7,2,7.5],"texture":"#1"},"south":{"uv":[8.25,0.5,8.5,1],"texture":"#1"},"west":{"uv":[7,1,8,1.5],"texture":"#1"},"up":{"uv":[8,5,7.75,4],"texture":"#1"},"down":{"uv":[4.5,7.75,4.25,8.75],"texture":"#1"}}},{"from":[12.5,1.5,8.5],"to":[13.5,3.5,12.5],"rotation":{"angle":0,"axis":"y","origin":[18.5,0.5,6.5]},"faces":{"north":{"uv":[7.75,8,8,8.5],"texture":"#1"},"east":{"uv":[7,0,8,0.5],"texture":"#1"},"south":{"uv":[8,7.75,8.25,8.25],"texture":"#1"},"west":{"uv":[7,0.5,8,1],"texture":"#1"},"up":{"uv":[4,8.75,3.75,7.75],"texture":"#1"},"down":{"uv":[4.25,7.75,4,8.75],"texture":"#1"}}},{"from":[11.5,4.5,7.5],"to":[13.5,7.5,8.5],"rotation":{"angle":0,"axis":"y","origin":[18.5,3.5,2.5]},"faces":{"north":{"uv":[5,7.5,5.5,8.25],"texture":"#1"},"east":{"uv":[0.5,8,0.75,8.75],"texture":"#1"},"south":{"uv":[7.5,5.5,8,6.25],"texture":"#1"},"west":{"uv":[0.75,8,1,8.75],"texture":"#1"},"up":{"uv":[8.75,4.25,8.25,4],"texture":"#1"},"down":{"uv":[8.75,4.25,8.25,4.5],"texture":"#1"}}},{"from":[12,1,7.5],"to":[14,4,8.5],"rotation":{"angle":0,"axis":"y","origin":[19,1,2.5]},"faces":{"north":{"uv":[1.5,7.5,2,8.25],"texture":"#1"},"east":{"uv":[8,0,8.25,0.75],"texture":"#1"},"south":{"uv":[4.5,7.5,5,8.25],"texture":"#1"},"west":{"uv":[0.25,8,0.5,8.75],"texture":"#1"},"up":{"uv":[8.75,3.75,8.25,3.5],"texture":"#1"},"down":{"uv":[8.75,3.75,8.25,4],"texture":"#1"}}},{"from":[2.5,4.5,7.5],"to":[4.5,7.5,8.5],"rotation":{"angle":0,"axis":"y","origin":[8.5,3.5,2.5]},"faces":{"north":{"uv":[7.25,3.75,7.75,4.5],"texture":"#1"},"east":{"uv":[7.75,7.25,8,8],"texture":"#1"},"south":{"uv":[1,7.5,1.5,8.25],"texture":"#1"},"west":{"uv":[0,8,0.25,8.75],"texture":"#1"},"up":{"uv":[8.75,3.25,8.25,3],"texture":"#1"},"down":{"uv":[8.75,3.25,8.25,3.5],"texture":"#1"}}},{"from":[2,1,7.5],"to":[4,4,8.5],"rotation":{"angle":0,"axis":"y","origin":[8,1,2.5]},"faces":{"north":{"uv":[7,5.5,7.5,6.25],"texture":"#1"},"east":{"uv":[7,7.75,7.25,8.5],"texture":"#1"},"south":{"uv":[7,6.25,7.5,7],"texture":"#1"},"west":{"uv":[7.25,7.75,7.5,8.5],"texture":"#1"},"up":{"uv":[8.5,1.75,8,1.5],"texture":"#1"},"down":{"uv":[8.5,1.75,8,2],"texture":"#1"}}},{"from":[7,0.5,10.5],"to":[9,8.5,12.5],"rotation":{"angle":0,"axis":"y","origin":[8,2.5,3.5]},"faces":{"north":{"uv":[3.5,5.75,4,7.75],"texture":"#1"},"east":{"uv":[4,5.75,4.5,7.75],"texture":"#1"},"south":{"uv":[0,6,0.5,8],"texture":"#1"},"west":{"uv":[0.5,6,1,8],"texture":"#1"},"up":{"uv":[7.75,5,7.25,4.5],"texture":"#1"},"down":{"uv":[8,1.5,7.5,2],"texture":"#1"}}},{"from":[7,5.5,3.5],"to":[9,8.5,10.5],"rotation":{"angle":0,"axis":"y","origin":[8,2.5,1.5]},"faces":{"north":{"uv":[7,7,7.5,7.75],"texture":"#1"},"east":{"uv":[1,5,2.75,5.75],"texture":"#1"},"south":{"uv":[7.25,3,7.75,3.75],"texture":"#1"},"west":{"uv":[2.75,5,4.5,5.75],"texture":"#1"},"up":{"uv":[6,7.75,5.5,6],"texture":"#1"},"down":{"uv":[6.5,6,6,7.75],"texture":"#1"}}},{"from":[7,2.1,3],"to":[11,6.1,4],"rotation":{"angle":-45,"axis":"z","origin":[8,5.1,3.5]},"faces":{"north":{"uv":[1,4,2,5],"texture":"#1"},"east":{"uv":[5.5,7.75,5.75,8.75],"texture":"#1"},"south":{"uv":[4.5,6,5.5,7],"texture":"#1"},"west":{"uv":[5.75,7.75,6,8.75],"texture":"#1"},"up":{"uv":[8.75,6.5,7.75,6.25],"texture":"#1"},"down":{"uv":[8.75,6.5,7.75,6.75],"texture":"#1"}}}],"display":{"thirdperson_righthand":{"rotation":[17,-45,0],"translation":[0,2.25,0],"scale":[0.44,0.44,0.44]},"thirdperson_lefthand":{"rotation":[17,-45,0],"translation":[0,2.25,0],"scale":[0.44,0.44,0.44]},"firstperson_righthand":{"rotation":[-180,54.25,-180],"translation":[0,5.75,0],"scale":[0.64,0.64,0.64]},"firstperson_lefthand":{"rotation":[-180,54.25,-180],"translation":[0,5.75,0],"scale":[0.64,0.64,0.64]},"ground":{"translation":[0,6.25,0],"scale":[0.5,0.5,0.5]},"gui":{"rotation":[-153,35,-180],"translation":[0,1.5,0],"scale":[0.94,0.94,0.94]},"head":{"translation":[0,8,0],"scale":[1.83,1.83,1.83]},"fixed":{"rotation":[-90,0,0],"translation":[0,0,-16],"scale":[2,2,2]}}}