{"format_version":"1.9.0","credit":"Made with Blockbench","texture_size":[64,64],"textures":{"3":"nightvision:armor/speed_helmet"},"elements":[{"from":[4,0,4],"to":[12,8,12],"rotation":{"angle":0,"axis":"y","origin":[8,0,8]},"faces":{"north":{"uv":[1.5,2,3.5,4],"texture":"#3"},"east":{"uv":[3,0,5,2],"texture":"#3"},"south":{"uv":[3.5,2,5.5,4],"texture":"#3"},"west":{"uv":[1.5,4,3.5,6],"texture":"#3"},"up":{"uv":[5.5,6,3.5,4],"texture":"#3"},"down":{"uv":[7,0,5,2],"texture":"#3"}}},{"from":[6,2,12],"to":[10,6,14],"rotation":{"angle":0,"axis":"y","origin":[8,0,16]},"faces":{"north":{"uv":[0,5,1,6],"texture":"#3"},"east":{"uv":[7.5,8,8,9],"texture":"#3"},"south":{"uv":[2,8,3,9],"texture":"#3"},"west":{"uv":[8,7.75,8.5,8.75],"texture":"#3"},"up":{"uv":[9.5,3.5,8.5,3],"texture":"#3"},"down":{"uv":[9.5,3.5,8.5,4],"texture":"#3"}}},{"from":[5,0,4],"to":[5,8,16],"rotation":{"angle":-22.5,"axis":"x","origin":[8,8,4]},"faces":{"north":{"uv":[0,0,0,2],"texture":"#3"},"east":{"uv":[0,0,3,2],"texture":"#3"},"south":{"uv":[0,0,0,2],"texture":"#3"},"west":{"uv":[3,0,0,2],"texture":"#3"},"up":{"uv":[0,3,0,0],"texture":"#3"},"down":{"uv":[0,0,0,3],"texture":"#3"}}},{"from":[11,0,4],"to":[11,8,16],"rotation":{"angle":-22.5,"axis":"x","origin":[8,8,4]},"faces":{"north":{"uv":[0,0,0,2],"texture":"#3"},"east":{"uv":[0,0,3,2],"texture":"#3"},"south":{"uv":[0,0,0,2],"texture":"#3"},"west":{"uv":[3,0,0,2],"texture":"#3"},"up":{"uv":[0,0,0,3],"texture":"#3"},"down":{"uv":[0,0,0,3],"texture":"#3"}}},{"from":[5,8,4],"to":[11,8,16],"rotation":{"angle":-22.5,"axis":"x","origin":[14,8,4]},"faces":{"north":{"uv":[0,0,1.5,0],"texture":"#3"},"east":{"uv":[0,0,3,0],"texture":"#3"},"south":{"uv":[0,0,1.5,0],"texture":"#3"},"west":{"uv":[0,0,3,0],"texture":"#3"},"up":{"uv":[1.5,5,0,2],"texture":"#3"},"down":{"uv":[0,2,1.5,5],"texture":"#3"}}},{"from":[6,7.4,5],"to":[10,8.4,9],"rotation":{"angle":-22.5,"axis":"x","origin":[8,7.4,4]},"faces":{"north":{"uv":[8.75,5.75,9.75,6],"texture":"#3"},"east":{"uv":[8.75,6,9.75,6.25],"texture":"#3"},"south":{"uv":[8.75,6.25,9.75,6.5],"texture":"#3"},"west":{"uv":[8.75,6.5,9.75,6.75],"texture":"#3"},"up":{"uv":[4,9,3,8],"texture":"#3"},"down":{"uv":[5,8,4,9],"texture":"#3"}}},{"from":[7,7.9,5.5],"to":[9,8.9,8.5],"rotation":{"angle":-22.5,"axis":"x","origin":[8,7.4,4]},"faces":{"north":{"uv":[7,1.5,7.5,1.75],"texture":"#3"},"east":{"uv":[8.75,8.25,9.5,8.5],"texture":"#3"},"south":{"uv":[7,1.75,7.5,2],"texture":"#3"},"west":{"uv":[8.75,8.5,9.5,8.75],"texture":"#3"},"up":{"uv":[9.25,0.75,8.75,0],"texture":"#3"},"down":{"uv":[9.25,0.75,8.75,1.5],"texture":"#3"}}},{"from":[12,1,7],"to":[13,4,14],"rotation":{"angle":-22.5,"axis":"x","origin":[15,4,6]},"faces":{"north":{"uv":[8.75,6.75,9,7.5],"texture":"#3"},"east":{"uv":[7,0,8.75,0.75],"texture":"#3"},"south":{"uv":[8.75,7.5,9,8.25],"texture":"#3"},"west":{"uv":[7,0.75,8.75,1.5],"texture":"#3"},"up":{"uv":[8.75,5.75,8.5,4],"texture":"#3"},"down":{"uv":[8.75,5.75,8.5,7.5],"texture":"#3"}}},{"from":[11,0,6],"to":[13,5,10],"rotation":{"angle":-22.5,"axis":"x","origin":[14,4,6]},"faces":{"north":{"uv":[8,5.5,8.5,6.75],"texture":"#3"},"east":{"uv":[0,8,1,9.25],"texture":"#3"},"south":{"uv":[6,8,6.5,9.25],"texture":"#3"},"west":{"uv":[1,8,2,9.25],"texture":"#3"},"up":{"uv":[8.5,7.75,8,6.75],"texture":"#3"},"down":{"uv":[7.5,8,7,9],"texture":"#3"}}},{"from":[3,0,6],"to":[5,5,10],"rotation":{"angle":-22.5,"axis":"x","origin":[2,4,6]},"faces":{"north":{"uv":[5,8,5.5,9.25],"texture":"#3"},"east":{"uv":[7.5,3,8.5,4.25],"texture":"#3"},"south":{"uv":[5.5,8,6,9.25],"texture":"#3"},"west":{"uv":[7.5,4.25,8.5,5.5],"texture":"#3"},"up":{"uv":[1.5,6,1,5],"texture":"#3"},"down":{"uv":[7,8,6.5,9],"texture":"#3"}}},{"from":[3,1,7],"to":[4,4,14],"rotation":{"angle":-22.5,"axis":"x","origin":[1,4,6]},"faces":{"north":{"uv":[8,8.75,8.25,9.5],"texture":"#3"},"east":{"uv":[7.5,1.5,9.25,2.25],"texture":"#3"},"south":{"uv":[8.25,8.75,8.5,9.5],"texture":"#3"},"west":{"uv":[7.5,2.25,9.25,3],"texture":"#3"},"up":{"uv":[8.75,9.25,8.5,7.5],"texture":"#3"},"down":{"uv":[9,4,8.75,5.75],"texture":"#3"}}},{"from":[3.8,-0.2,3.8],"to":[12.2,8.2,12.2],"rotation":{"angle":0,"axis":"y","origin":[4,0,4]},"faces":{"north":{"uv":[5.5,2,7.5,4],"texture":"#3"},"east":{"uv":[5.5,4,7.5,6],"texture":"#3"},"south":{"uv":[0,6,2,8],"texture":"#3"},"west":{"uv":[2,6,4,8],"texture":"#3"},"up":{"uv":[6,8,4,6],"texture":"#3"},"down":{"uv":[8,6,6,8],"texture":"#3"}}}],"display":{"thirdperson_righthand":{"rotation":[17,-45,0],"translation":[0,2.25,0],"scale":[0.44,0.44,0.44]},"thirdperson_lefthand":{"rotation":[17,-45,0],"translation":[0,2.25,0],"scale":[0.44,0.44,0.44]},"firstperson_righthand":{"rotation":[-180,54.25,-180],"translation":[0,5.75,0],"scale":[0.64,0.64,0.64]},"firstperson_lefthand":{"rotation":[-180,54.25,-180],"translation":[0,5.75,0],"scale":[0.64,0.64,0.64]},"ground":{"translation":[0,6.25,0],"scale":[0.5,0.5,0.5]},"gui":{"rotation":[-153,35,-180],"translation":[0,1.5,0],"scale":[0.94,0.94,0.94]},"head":{"translation":[0,8,0],"scale":[1.83,1.83,1.83]},"fixed":{"rotation":[-90,0,0],"translation":[0,0,-16],"scale":[2,2,2]}}}