{"sources":[{"source":"entity","prefix":"entity/","type":"directory"},{"type":"single","resource":"nightvision:ranged/gravity_gun_0"},{"type":"single","resource":"modelengine:entity/omega"},{"type":"single","resource":"nightvision:armor/icon/black_chestplate"},{"type":"single","resource":"nightvision:ranged/gravity_gun_1"},{"type":"single","resource":"nightvision:energyblock/soul_energyblock"},{"type":"single","resource":"nightvision:armor/icon/police_chestplate"},{"type":"single","resource":"nightvision:armor/icon/speed_chestplate"},{"type":"single","resource":"nightvision:ranged/gravity_gun_2"},{"type":"single","resource":"nightvision:armor/speed_helmet"},{"type":"single","resource":"nightvision:armor/icon/health_boots"},{"type":"single","resource":"nightvision:armor/icon/health_chestplate"},{"type":"single","resource":"nightvision:armor/icon/defend_boots"},{"type":"single","resource":"nightvision:ranged/pulse_rifle"},{"type":"single","resource":"modelengine:entity/mech"},{"type":"single","resource":"nightvision:ranged/tesla_crossbow_charged"},{"type":"single","resource":"nightvision:armor/icon/apadtive_chestplate"},{"type":"single","resource":"nightvision:energyblock/chaos_energyblock"},{"type":"single","resource":"nightvision:armor/icon/speed_boots"},{"type":"single","resource":"nightvision:armor/power_helmet"},{"type":"single","resource":"nightvision:armor/apadtive_helmet"},{"type":"single","resource":"nightvision:armor/icon/speed_leggings"},{"type":"single","resource":"nightvision:ranged/em_bow_2"},{"type":"single","resource":"nightvision:ranged/em_bow_1"},{"type":"single","resource":"nightvision:ranged/em_bow_0"},{"type":"single","resource":"modelengine:entity/necros"},{"type":"single","resource":"nightvision:melee/resonator"},{"type":"single","resource":"nightvision:melee/glitch_blade"},{"type":"single","resource":"nightvision:energyblock/void_energyblock"},{"type":"single","resource":"nightvision:armor/icon/defend_leggings"},{"type":"single","resource":"nightvision:ranged/em_bow"},{"type":"single","resource":"nightvision:armor/icon/black_boots"},{"type":"single","resource":"nightvision:ranged/tesla_crossbow"},{"type":"single","resource":"nightvision:melee/sinhro_katana"},{"type":"single","resource":"nightvision:armor/defend_helmet"},{"type":"single","resource":"nightvision:armor/icon/police_boots"},{"type":"single","resource":"nightvision:ranged/tesla_crossbow_firework"},{"type":"single","resource":"modelengine:entity/reaper_clone"},{"type":"single","resource":"nightvision:ranged/pulse_rifle_1"},{"type":"single","resource":"nightvision:armor/icon/power_chestplate"},{"type":"single","resource":"nightvision:armor/icon/power_leggings"},{"type":"single","resource":"nightvision:ranged/pulse_rifle_2"},{"type":"single","resource":"nightvision:melee/astral_edge"},{"type":"single","resource":"nightvision:melee/electroclaws_predator"},{"type":"single","resource":"nightvision:ranged/pulse_rifle_0"},{"type":"single","resource":"nightvision:armor/icon/health_leggings"},{"type":"single","resource":"nightvision:armor/icon/defend_chestplate"},{"type":"single","resource":"nightvision:armor/icon/black_leggings"},{"type":"single","resource":"nightvision:armor/health_helmet"},{"type":"single","resource":"nightvision:ranged/tesla_crossbow_1"},{"type":"single","resource":"nightvision:ranged/gun_retribution_energyblock"},{"type":"single","resource":"nightvision:ranged/tesla_crossbow_2"},{"type":"single","resource":"nightvision:ranged/tesla_crossbow_0"},{"type":"single","resource":"nightvision:armor/icon/apadtive_leggings"},{"type":"single","resource":"modelengine:entity/saifer"},{"type":"single","resource":"nightvision:ranged/gun_retribution_energyblock_2"},{"type":"single","resource":"nightvision:ranged/gun_retribution_energyblock_1"},{"type":"single","resource":"nightvision:energyblock/retribution_energyblock"},{"type":"single","resource":"nightvision:ranged/gun_retribution_energyblock_0"},{"type":"single","resource":"nightvision:armor/icon/power_boots"},{"type":"single","resource":"nightvision:armor/icon/police_leggings"},{"type":"single","resource":"nightvision:armor/icon/apadtive_boots"},{"type":"single","resource":"nightvision:ranged/gravity_gun"},{"type":"single","resource":"nightvision:melee/glitch_blade_2"},{"type":"single","resource":"nightvision:energyblock/frost_energyblock"},{"type":"single","resource":"modelengine:entity/reaper"}]}