{"elements":[{"from":[7.142857,13.142858,7.714286],"to":[7.714286,18.285715,8.285714],"rotation":{"angle":22.5,"axis":"z","origin":[7.714286,13.142858,8.285714]},"faces":{"south":{"uv":[6.75,8.375,6.875,9.5],"rotation":0,"texture":"#0","tintindex":0},"north":{"uv":[7.75,8.25,7.875,9.375],"rotation":0,"texture":"#0","tintindex":0},"down":{"uv":[3.25,1.875,3.125,2.0],"rotation":0,"texture":"#0","tintindex":0},"east":{"uv":[7.875,8.25,8.0,9.375],"rotation":0,"texture":"#0","tintindex":0},"west":{"uv":[8.75,3.5,8.875,4.625],"rotation":0,"texture":"#0","tintindex":0},"up":{"uv":[3.125,2.0,3.0,1.875],"rotation":0,"texture":"#0","tintindex":0}}},{"from":[8.285714,13.142858,7.714286],"to":[8.857143,16.57143,8.285714],"rotation":{"angle":-45.0,"axis":"z","origin":[8.285714,13.142858,8.285714]},"faces":{"south":{"uv":[5.25,0.0,5.375,0.75],"rotation":0,"texture":"#0","tintindex":0},"north":{"uv":[1.375,2.25,1.5,3.0],"rotation":0,"texture":"#0","tintindex":0},"down":{"uv":[3.5,1.875,3.375,2.0],"rotation":0,"texture":"#0","tintindex":0},"east":{"uv":[1.25,3.25,1.375,4.0],"rotation":0,"texture":"#0","tintindex":0},"west":{"uv":[7.25,8.75,7.375,9.5],"rotation":0,"texture":"#0","tintindex":0},"up":{"uv":[3.375,2.0,3.25,1.875],"rotation":0,"texture":"#0","tintindex":0}}},{"from":[4.5714283,8.0,5.714286],"to":[11.428572,13.142858,10.285714],"rotation":{"angle":0.0,"axis":"y","origin":[8.0,-5.714287,8.0]},"faces":{"south":{"uv":[0.0,1.125,1.5,2.25],"rotation":0,"texture":"#0","tintindex":0},"north":{"uv":[0.0,0.0,1.5,1.125],"rotation":0,"texture":"#0","tintindex":0},"down":{"uv":[3.0,1.0,1.5,2.0],"rotation":0,"texture":"#0","tintindex":0},"east":{"uv":[1.375,3.0,2.375,4.125],"rotation":0,"texture":"#0","tintindex":0},"west":{"uv":[2.375,3.0,3.375,4.125],"rotation":0,"texture":"#0","tintindex":0},"up":{"uv":[3.0,1.0,1.5,0.0],"rotation":0,"texture":"#0","tintindex":0}}},{"from":[5.0,8.428572,6.142857],"to":[11.0,12.714286,10.428572],"rotation":{"angle":0.0,"axis":"y","origin":[8.0,-5.714287,8.0]},"faces":{"south":{"uv":[0.0,3.25,1.25,4.125],"rotation":0,"texture":"#0","tintindex":0},"north":{"uv":[3.0,1.0,4.25,1.875],"rotation":0,"texture":"#0","tintindex":0},"down":{"uv":[4.625,3.875,3.375,4.75],"rotation":0,"texture":"#0","tintindex":0},"east":{"uv":[2.5,4.125,3.375,5.0],"rotation":0,"texture":"#0","tintindex":0},"west":{"uv":[3.375,4.75,4.25,5.625],"rotation":0,"texture":"#0","tintindex":0},"up":{"uv":[4.625,3.875,3.375,3.0],"rotation":0,"texture":"#0","tintindex":0}}}],"textures":{"0":"modelengine:entity/saifer"},"display":{"head":{"translation":[0.0,-6.4,0.0],"scale":[4.0,4.0,4.0]}}}