{"elements":[{"from":[5.429143,6.857714,6.2862854],"to":[10.570857,13.142858,9.713715],"rotation":{"angle":0.0,"axis":"y","origin":[7.714286,1.7142854,8.0]},"faces":{"south":{"uv":[0.0,7.75,1.125,9.125],"rotation":0,"texture":"#0","tintindex":0},"north":{"uv":[0.0,6.375,1.125,7.75],"rotation":0,"texture":"#0","tintindex":0},"down":{"uv":[11.75,10.375,10.625,11.125],"rotation":0,"texture":"#0","tintindex":0},"east":{"uv":[9.5,5.875,10.25,7.25],"rotation":0,"texture":"#0","tintindex":0},"west":{"uv":[10.0,1.25,10.75,2.625],"rotation":0,"texture":"#0","tintindex":0},"up":{"uv":[11.5,5.875,10.375,5.125],"rotation":0,"texture":"#0","tintindex":0}}},{"from":[6.0005713,2.8577142,6.2862854],"to":[9.999429,6.857143,9.713715],"rotation":{"angle":-22.5,"axis":"x","origin":[8.0,6.857143,6.285714]},"faces":{"south":{"uv":[10.75,1.875,11.625,2.75],"rotation":0,"texture":"#0","tintindex":0},"north":{"uv":[10.75,1.0,11.625,1.875],"rotation":0,"texture":"#0","tintindex":0},"down":{"uv":[7.25,11.375,6.375,12.125],"rotation":0,"texture":"#0","tintindex":0},"east":{"uv":[10.75,11.125,11.5,12.0],"rotation":0,"texture":"#0","tintindex":0},"west":{"uv":[11.25,0.0,12.0,0.875],"rotation":0,"texture":"#0","tintindex":0},"up":{"uv":[3.125,12.125,2.25,11.375],"rotation":0,"texture":"#0","tintindex":0}}},{"from":[4.857714,-5.1422863,7.714857],"to":[11.142286,5.714286,7.713714],"rotation":{"angle":-22.5,"axis":"x","origin":[8.0,6.857143,6.285714]},"faces":{"south":{"uv":[8.0,7.875,9.375,10.25],"rotation":0,"texture":"#0","tintindex":0},"north":{"uv":[6.625,7.875,8.0,10.25],"rotation":0,"texture":"#0","tintindex":0},"down":{"uv":[0.0,0.0,1.375,0.0],"rotation":0,"texture":"#0","tintindex":0},"east":{"uv":[0.0,0.0,0.0,2.375],"rotation":0,"texture":"#0","tintindex":0},"west":{"uv":[0.0,0.0,0.0,2.375],"rotation":0,"texture":"#0","tintindex":0},"up":{"uv":[1.375,0.0,0.0,0.0],"rotation":0,"texture":"#0","tintindex":0}}},{"from":[5.429143,1.1434283,5.772],"to":[7.142286,12.571428,6.3422856],"rotation":{"angle":0.0,"axis":"y","origin":[7.714286,1.7142854,4.6285715]},"faces":{"south":{"uv":[10.375,2.625,10.75,5.125],"rotation":0,"texture":"#0","tintindex":0},"north":{"uv":[10.25,8.375,10.625,10.875],"rotation":0,"texture":"#0","tintindex":0},"down":{"uv":[7.5,4.875,7.125,5.0],"rotation":0,"texture":"#0","tintindex":0},"east":{"uv":[8.75,11.75,8.875,14.25],"rotation":0,"texture":"#0","tintindex":0},"west":{"uv":[1.0,12.0,1.125,14.5],"rotation":0,"texture":"#0","tintindex":0},"up":{"uv":[7.125,5.0,6.75,4.875],"rotation":0,"texture":"#0","tintindex":0}}},{"from":[8.857715,1.1434283,5.772],"to":[10.570857,12.571428,6.3422856],"rotation":{"angle":0.0,"axis":"y","origin":[11.142858,1.7142854,4.6285715]},"faces":{"south":{"uv":[6.0,10.375,6.375,12.875],"rotation":0,"texture":"#0","tintindex":0},"north":{"uv":[5.625,10.375,6.0,12.875],"rotation":0,"texture":"#0","tintindex":0},"down":{"uv":[8.25,4.875,7.875,5.0],"rotation":0,"texture":"#0","tintindex":0},"east":{"uv":[2.875,12.125,3.0,14.625],"rotation":0,"texture":"#0","tintindex":0},"west":{"uv":[3.0,12.125,3.125,14.625],"rotation":0,"texture":"#0","tintindex":0},"up":{"uv":[7.875,5.0,7.5,4.875],"rotation":0,"texture":"#0","tintindex":0}}},{"from":[5.429143,1.7148571,6.2862854],"to":[6.570857,9.142857,9.713715],"rotation":{"angle":0.0,"axis":"y","origin":[5.428571,9.142858,8.0]},"faces":{"south":{"uv":[10.75,12.0,11.0,13.625],"rotation":0,"texture":"#0","tintindex":0},"north":{"uv":[0.75,12.0,1.0,13.625],"rotation":0,"texture":"#0","tintindex":0},"down":{"uv":[10.25,2.625,10.0,3.375],"rotation":0,"texture":"#0","tintindex":0},"east":{"uv":[5.875,8.75,6.625,10.375],"rotation":0,"texture":"#0","tintindex":0},"west":{"uv":[0.0,9.125,0.75,10.75],"rotation":0,"texture":"#0","tintindex":0},"up":{"uv":[9.5,4.125,9.25,3.375],"rotation":0,"texture":"#0","tintindex":0}}},{"from":[9.429143,1.7148571,6.2862854],"to":[10.570857,9.142857,9.713715],"rotation":{"angle":0.0,"axis":"y","origin":[10.571428,9.142858,8.0]},"faces":{"south":{"uv":[11.25,12.0,11.5,13.625],"rotation":0,"texture":"#0","tintindex":0},"north":{"uv":[11.0,12.0,11.25,13.625],"rotation":0,"texture":"#0","tintindex":0},"down":{"uv":[7.25,12.125,7.0,12.875],"rotation":0,"texture":"#0","tintindex":0},"east":{"uv":[9.25,1.75,10.0,3.375],"rotation":0,"texture":"#0","tintindex":0},"west":{"uv":[9.375,7.75,10.125,9.375],"rotation":0,"texture":"#0","tintindex":0},"up":{"uv":[6.625,11.125,6.375,10.375],"rotation":0,"texture":"#0","tintindex":0}}},{"from":[9.429143,1.1434283,6.572],"to":[10.570857,9.142857,9.999429],"rotation":{"angle":22.5,"axis":"z","origin":[10.571428,9.142858,8.285714]},"faces":{"south":{"uv":[0.0,11.875,0.25,13.625],"rotation":0,"texture":"#0","tintindex":0},"north":{"uv":[9.875,11.625,10.125,13.375],"rotation":0,"texture":"#0","tintindex":0},"down":{"uv":[10.375,12.25,10.125,13.0],"rotation":0,"texture":"#0","tintindex":0},"east":{"uv":[8.5,2.25,9.25,4.0],"rotation":0,"texture":"#0","tintindex":0},"west":{"uv":[2.375,8.5,3.125,10.25],"rotation":0,"texture":"#0","tintindex":0},"up":{"uv":[12.5,10.5,12.25,9.75],"rotation":0,"texture":"#0","tintindex":0}}},{"from":[5.429143,1.1434283,6.572],"to":[6.570857,9.142857,9.999429],"rotation":{"angle":-22.5,"axis":"z","origin":[5.428571,9.142858,8.285714]},"faces":{"south":{"uv":[0.5,11.875,0.75,13.625],"rotation":0,"texture":"#0","tintindex":0},"north":{"uv":[0.25,11.875,0.5,13.625],"rotation":0,"texture":"#0","tintindex":0},"down":{"uv":[12.375,12.25,12.125,13.0],"rotation":0,"texture":"#0","tintindex":0},"east":{"uv":[8.75,0.0,9.5,1.75],"rotation":0,"texture":"#0","tintindex":0},"west":{"uv":[3.125,8.75,3.875,10.5],"rotation":0,"texture":"#0","tintindex":0},"up":{"uv":[10.625,13.0,10.375,12.25],"rotation":0,"texture":"#0","tintindex":0}}},{"from":[4.0005713,11.429143,5.714857],"to":[7.9994287,12.571428,10.285143],"rotation":{"angle":-22.5,"axis":"z","origin":[8.0,11.428572,8.0]},"faces":{"south":{"uv":[12.25,3.25,13.125,3.5],"rotation":0,"texture":"#0","tintindex":0},"north":{"uv":[12.25,3.0,13.125,3.25],"rotation":0,"texture":"#0","tintindex":0},"down":{"uv":[11.5,8.375,10.625,9.375],"rotation":0,"texture":"#0","tintindex":0},"east":{"uv":[12.25,1.5,13.25,1.75],"rotation":0,"texture":"#0","tintindex":0},"west":{"uv":[12.25,1.75,13.25,2.0],"rotation":0,"texture":"#0","tintindex":0},"up":{"uv":[11.25,1.0,10.375,0.0],"rotation":0,"texture":"#0","tintindex":0}}},{"from":[8.000571,11.429143,5.714857],"to":[11.999429,12.571428,10.285143],"rotation":{"angle":22.5,"axis":"z","origin":[8.0,11.428572,8.0]},"faces":{"south":{"uv":[4.625,12.25,5.5,12.5],"rotation":0,"texture":"#0","tintindex":0},"north":{"uv":[3.75,12.25,4.625,12.5],"rotation":0,"texture":"#0","tintindex":0},"down":{"uv":[11.5,9.375,10.625,10.375],"rotation":0,"texture":"#0","tintindex":0},"east":{"uv":[12.25,2.0,13.25,2.25],"rotation":0,"texture":"#0","tintindex":0},"west":{"uv":[12.25,2.25,13.25,2.5],"rotation":0,"texture":"#0","tintindex":0},"up":{"uv":[10.125,11.625,9.25,10.625],"rotation":0,"texture":"#0","tintindex":0}}}],"textures":{"0":"modelengine:entity/reaper_clone"},"display":{"head":{"translation":[0.0,-6.4,0.0],"scale":[4.0,4.0,4.0]}}}