{"elements":[{"from":[4.0005713,-5.1422863,6.2862854],"to":[11.428,8.0,7.9994287],"rotation":{"angle":0.0,"axis":"y","origin":[7.428571,-3.4285717,8.0]},"faces":{"south":{"uv":[6.625,5.0,8.25,7.875],"rotation":0,"texture":"#0","tintindex":0},"north":{"uv":[5.0,5.875,6.625,8.75],"rotation":0,"texture":"#0","tintindex":0},"down":{"uv":[13.125,5.0,11.5,5.375],"rotation":0,"texture":"#0","tintindex":0},"east":{"uv":[0.75,9.125,1.125,12.0],"rotation":0,"texture":"#0","tintindex":0},"west":{"uv":[1.125,9.625,1.5,12.5],"rotation":0,"texture":"#0","tintindex":0},"up":{"uv":[8.875,11.75,7.25,11.375],"rotation":0,"texture":"#0","tintindex":0}}},{"from":[11.428,-5.1422863,6.2862854],"to":[3.9982858,8.0,7.9994287],"rotation":{"angle":0.0,"axis":"y","origin":[14.856001,-3.4285717,8.0]},"faces":{"south":{"uv":[6.625,5.0,8.25,7.875],"rotation":0,"texture":"#0","tintindex":0},"north":{"uv":[5.0,5.875,6.625,8.75],"rotation":0,"texture":"#0","tintindex":0},"down":{"uv":[13.125,5.0,11.5,5.375],"rotation":0,"texture":"#0","tintindex":0},"east":{"uv":[0.75,9.125,1.125,12.0],"rotation":0,"texture":"#0","tintindex":0},"west":{"uv":[1.125,9.625,1.5,12.5],"rotation":0,"texture":"#0","tintindex":0},"up":{"uv":[8.875,11.75,7.25,11.375],"rotation":0,"texture":"#0","tintindex":0}}},{"from":[3.4285712,-3.871829,11.0450115],"to":[12.0,9.2716,12.759297],"rotation":{"angle":-22.5,"axis":"x","origin":[7.428571,-2.1575432,12.759297]},"faces":{"south":{"uv":[3.125,5.875,5.0,8.75],"rotation":0,"texture":"#0","tintindex":0},"north":{"uv":[1.25,5.625,3.125,8.5],"rotation":0,"texture":"#0","tintindex":0},"down":{"uv":[12.625,4.625,10.75,5.0],"rotation":0,"texture":"#0","tintindex":0},"east":{"uv":[1.5,9.625,1.875,12.5],"rotation":0,"texture":"#0","tintindex":0},"west":{"uv":[1.875,9.625,2.25,12.5],"rotation":0,"texture":"#0","tintindex":0},"up":{"uv":[12.625,4.625,10.75,4.25],"rotation":0,"texture":"#0","tintindex":0}}},{"from":[12.0,-3.871829,11.0450115],"to":[3.4285712,9.2716,12.759297],"rotation":{"angle":-22.5,"axis":"x","origin":[16.0,-2.1575432,12.759297]},"faces":{"south":{"uv":[3.125,5.875,5.0,8.75],"rotation":0,"texture":"#0","tintindex":0},"north":{"uv":[1.25,5.625,3.125,8.5],"rotation":0,"texture":"#0","tintindex":0},"down":{"uv":[12.625,4.625,10.75,5.0],"rotation":0,"texture":"#0","tintindex":0},"east":{"uv":[1.5,9.625,1.875,12.5],"rotation":0,"texture":"#0","tintindex":0},"west":{"uv":[1.875,9.625,2.25,12.5],"rotation":0,"texture":"#0","tintindex":0},"up":{"uv":[12.625,4.625,10.75,4.25],"rotation":0,"texture":"#0","tintindex":0}}}],"textures":{"0":"modelengine:entity/reaper_clone"},"display":{"head":{"translation":[0.0,-6.4,0.0],"scale":[4.0,4.0,4.0]}}}