{"elements":[{"from":[5.1434283,4.0005713,5.714857],"to":[7.9994287,8.0,8.570857],"rotation":{"angle":0.0,"axis":"y","origin":[10.285714,-2.285715,6.857143]},"faces":{"south":{"uv":[11.5,9.0,12.125,9.875],"rotation":0,"texture":"#0","tintindex":0},"north":{"uv":[6.0,5.0,6.625,5.875],"rotation":0,"texture":"#0","tintindex":0},"down":{"uv":[12.625,0.0,12.0,0.625],"rotation":0,"texture":"#0","tintindex":0},"east":{"uv":[11.5,8.125,12.125,9.0],"rotation":0,"texture":"#0","tintindex":0},"west":{"uv":[11.5,11.125,12.125,12.0],"rotation":0,"texture":"#0","tintindex":0},"up":{"uv":[12.375,4.125,11.75,3.5],"rotation":0,"texture":"#0","tintindex":0}}},{"from":[5.142857,5.714286,5.714286],"to":[8.0,5.714286,8.571428],"rotation":{"angle":0.0,"axis":"y","origin":[9.142858,5.714286,8.0]},"faces":{"south":{"uv":[6.125,5.0,6.75,5.0],"rotation":0,"texture":"#0","tintindex":0},"north":{"uv":[4.875,5.0,5.5,5.0],"rotation":0,"texture":"#0","tintindex":0},"down":{"uv":[6.125,4.375,5.5,5.0],"rotation":0,"texture":"#0","tintindex":0},"east":{"uv":[4.25,5.0,4.875,5.0],"rotation":0,"texture":"#0","tintindex":0},"west":{"uv":[5.5,5.0,6.125,5.0],"rotation":0,"texture":"#0","tintindex":0},"up":{"uv":[5.5,5.0,4.875,4.375],"rotation":0,"texture":"#0","tintindex":0}}}],"textures":{"0":"modelengine:entity/reaper_clone"},"display":{"head":{"translation":[0.0,-6.4,0.0],"scale":[4.0,4.0,4.0]}}}