{"elements":[{"from":[8.000571,4.0005713,5.714857],"to":[10.856571,8.0,8.570857],"rotation":{"angle":0.0,"axis":"y","origin":[5.714286,-2.285715,6.857143]},"faces":{"south":{"uv":[3.125,11.625,3.75,12.5],"rotation":0,"texture":"#0","tintindex":0},"north":{"uv":[11.625,0.875,12.25,1.75],"rotation":0,"texture":"#0","tintindex":0},"down":{"uv":[2.875,12.125,2.25,12.75],"rotation":0,"texture":"#0","tintindex":0},"east":{"uv":[11.625,1.75,12.25,2.625],"rotation":0,"texture":"#0","tintindex":0},"west":{"uv":[11.625,7.0,12.25,7.875],"rotation":0,"texture":"#0","tintindex":0},"up":{"uv":[12.125,12.625,11.5,12.0],"rotation":0,"texture":"#0","tintindex":0}}},{"from":[8.0,5.714286,5.714286],"to":[10.857143,5.714286,8.571428],"rotation":{"angle":0.0,"axis":"y","origin":[12.0,5.714286,8.0]},"faces":{"south":{"uv":[6.125,5.0,6.75,5.0],"rotation":0,"texture":"#0","tintindex":0},"north":{"uv":[4.875,5.0,5.5,5.0],"rotation":0,"texture":"#0","tintindex":0},"down":{"uv":[6.125,4.375,5.5,5.0],"rotation":0,"texture":"#0","tintindex":0},"east":{"uv":[4.25,5.0,4.875,5.0],"rotation":0,"texture":"#0","tintindex":0},"west":{"uv":[5.5,5.0,6.125,5.0],"rotation":0,"texture":"#0","tintindex":0},"up":{"uv":[5.5,5.0,4.875,4.375],"rotation":0,"texture":"#0","tintindex":0}}}],"textures":{"0":"modelengine:entity/reaper_clone"},"display":{"head":{"translation":[0.0,-6.4,0.0],"scale":[4.0,4.0,4.0]}}}