{"elements":[{"from":[8.0,5.142857,6.857143],"to":[10.285714,9.142858,9.142858],"rotation":{"angle":0.0,"axis":"y","origin":[5.714286,-4.5714293,8.0]},"faces":{"south":{"uv":[8.25,11.75,8.75,12.625],"rotation":0,"texture":"#0","tintindex":0},"north":{"uv":[7.25,11.75,7.75,12.625],"rotation":0,"texture":"#0","tintindex":0},"down":{"uv":[10.0,7.25,9.5,7.75],"rotation":0,"texture":"#0","tintindex":0},"east":{"uv":[7.75,11.75,8.25,12.625],"rotation":0,"texture":"#0","tintindex":0},"west":{"uv":[11.75,9.875,12.25,10.75],"rotation":0,"texture":"#0","tintindex":0},"up":{"uv":[10.0,1.75,9.5,1.25],"rotation":0,"texture":"#0","tintindex":0}}},{"from":[8.0,4.0,6.5714283],"to":[10.857143,9.142858,9.428572],"rotation":{"angle":22.5,"axis":"z","origin":[9.142858,9.142858,7.714286]},"faces":{"south":{"uv":[11.125,5.875,11.75,7.0],"rotation":0,"texture":"#0","tintindex":0},"north":{"uv":[4.375,11.125,5.0,12.25],"rotation":0,"texture":"#0","tintindex":0},"down":{"uv":[12.75,9.125,12.125,9.75],"rotation":0,"texture":"#0","tintindex":0},"east":{"uv":[5.0,11.125,5.625,12.25],"rotation":0,"texture":"#0","tintindex":0},"west":{"uv":[10.125,11.125,10.75,12.25],"rotation":0,"texture":"#0","tintindex":0},"up":{"uv":[12.75,9.125,12.125,8.5],"rotation":0,"texture":"#0","tintindex":0}}}],"textures":{"0":"modelengine:entity/reaper_clone"},"display":{"head":{"translation":[0.0,-6.4,0.0],"scale":[4.0,4.0,4.0]}}}