{"elements":[{"from":[5.7085714,-7.434286,5.7085714],"to":[9.72,9.148571,10.291429],"rotation":{"angle":0.0,"axis":"y","origin":[10.285714,8.0,9.714286]},"faces":{"south":{"uv":[5.125,3.625,6.0,7.25],"rotation":0,"texture":"#0","tintindex":0},"north":{"uv":[4.25,3.625,5.125,7.25],"rotation":0,"texture":"#0","tintindex":0},"down":{"uv":[8.875,1.0,8.0,2.0],"rotation":0,"texture":"#0","tintindex":0},"east":{"uv":[1.25,3.5,2.25,7.125],"rotation":0,"texture":"#0","tintindex":0},"west":{"uv":[2.25,3.5,3.25,7.125],"rotation":0,"texture":"#0","tintindex":0},"up":{"uv":[8.875,1.0,8.0,0.0],"rotation":0,"texture":"#0","tintindex":0}}},{"from":[9.72,-7.434286,5.7085714],"to":[5.731428,9.148571,10.291429],"rotation":{"angle":0.0,"axis":"y","origin":[14.297144,8.0,9.714286]},"faces":{"south":{"uv":[5.125,3.625,6.0,7.25],"rotation":0,"texture":"#0","tintindex":0},"north":{"uv":[4.25,3.625,5.125,7.25],"rotation":0,"texture":"#0","tintindex":0},"down":{"uv":[8.875,1.0,8.0,2.0],"rotation":0,"texture":"#0","tintindex":0},"east":{"uv":[1.25,3.5,2.25,7.125],"rotation":0,"texture":"#0","tintindex":0},"west":{"uv":[2.25,3.5,3.25,7.125],"rotation":0,"texture":"#0","tintindex":0},"up":{"uv":[8.875,1.0,8.0,0.0],"rotation":0,"texture":"#0","tintindex":0}}}],"textures":{"0":"modelengine:entity/necros"},"display":{"head":{"translation":[0.0,-6.4,0.0],"scale":[4.0,4.0,4.0]}}}