{"elements":[{"from":[8.057143,3.4285712,6.857143],"to":[9.742857,8.0,8.571428],"rotation":{"angle":0.0,"axis":"y","origin":[8.057143,1.1428566,8.0]},"faces":{"south":{"uv":[6.625,9.625,6.25,10.625],"rotation":0,"texture":"#0","tintindex":0},"north":{"uv":[10.0,4.875,9.625,5.875],"rotation":0,"texture":"#0","tintindex":0},"down":{"uv":[4.875,10.875,4.5,11.25],"rotation":0,"texture":"#0","tintindex":0},"east":{"uv":[7.0,9.625,6.625,10.625],"rotation":0,"texture":"#0","tintindex":0},"west":{"uv":[10.0,5.875,9.625,6.875],"rotation":0,"texture":"#0","tintindex":0},"up":{"uv":[3.75,10.875,3.375,11.25],"rotation":0,"texture":"#0","tintindex":0}}}],"textures":{"0":"modelengine:entity/necros"},"display":{"head":{"translation":[0.0,-6.4,0.0],"scale":[4.0,4.0,4.0]}}}