{"elements":[{"from":[3.714857,12.000572,6.2862854],"to":[12.285143,13.142858,10.856571],"rotation":{"angle":0.0,"axis":"y","origin":[7.714286,1.7142854,8.0]},"faces":{"south":{"uv":[9.0,7.75,10.875,8.0],"rotation":0,"texture":"#0","tintindex":0},"north":{"uv":[2.25,9.0,4.125,9.25],"rotation":0,"texture":"#0","tintindex":0},"down":{"uv":[8.0,1.0,6.125,2.0],"rotation":0,"texture":"#0","tintindex":0},"east":{"uv":[10.125,8.25,11.125,8.5],"rotation":0,"texture":"#0","tintindex":0},"west":{"uv":[10.125,8.5,11.125,8.75],"rotation":0,"texture":"#0","tintindex":0},"up":{"uv":[8.0,1.0,6.125,0.0],"rotation":0,"texture":"#0","tintindex":0}}},{"from":[3.714857,10.286285,6.2862854],"to":[12.285143,11.428572,10.856571],"rotation":{"angle":0.0,"axis":"y","origin":[7.714286,0.0,8.0]},"faces":{"south":{"uv":[2.625,9.25,4.5,9.5],"rotation":0,"texture":"#0","tintindex":0},"north":{"uv":[0.75,9.25,2.625,9.5],"rotation":0,"texture":"#0","tintindex":0},"down":{"uv":[8.75,5.5,6.875,6.5],"rotation":0,"texture":"#0","tintindex":0},"east":{"uv":[10.25,10.25,11.25,10.5],"rotation":0,"texture":"#0","tintindex":0},"west":{"uv":[0.0,10.375,1.0,10.625],"rotation":0,"texture":"#0","tintindex":0},"up":{"uv":[8.75,5.5,6.875,4.5],"rotation":0,"texture":"#0","tintindex":0}}},{"from":[4.2862854,8.714857,6.857714],"to":[8.285143,9.857143,10.856571],"rotation":{"angle":0.0,"axis":"y","origin":[8.0,9.286,8.857143]},"faces":{"south":{"uv":[10.5,0.5,11.375,0.75],"rotation":0,"texture":"#0","tintindex":0},"north":{"uv":[10.5,0.0,11.375,0.25],"rotation":0,"texture":"#0","tintindex":0},"down":{"uv":[9.625,3.875,8.75,4.75],"rotation":0,"texture":"#0","tintindex":0},"east":{"uv":[10.5,0.25,11.375,0.5],"rotation":0,"texture":"#0","tintindex":0},"west":{"uv":[10.5,0.75,11.375,1.0],"rotation":0,"texture":"#0","tintindex":0},"up":{"uv":[9.25,3.875,8.375,3.0],"rotation":0,"texture":"#0","tintindex":0}}},{"from":[4.2862854,7.857714,6.857714],"to":[8.285143,9.0,10.856571],"rotation":{"angle":22.5,"axis":"z","origin":[8.0,8.428857,8.857143]},"faces":{"south":{"uv":[10.5,2.0,11.375,2.25],"rotation":0,"texture":"#0","tintindex":0},"north":{"uv":[10.5,1.0,11.375,1.25],"rotation":0,"texture":"#0","tintindex":0},"down":{"uv":[9.625,5.625,8.75,6.5],"rotation":0,"texture":"#0","tintindex":0},"east":{"uv":[10.5,1.25,11.375,1.5],"rotation":0,"texture":"#0","tintindex":0},"west":{"uv":[10.5,2.25,11.375,2.5],"rotation":0,"texture":"#0","tintindex":0},"up":{"uv":[9.625,5.625,8.75,4.75],"rotation":0,"texture":"#0","tintindex":0}}},{"from":[7.714857,7.857714,6.857714],"to":[11.713715,9.0,10.856571],"rotation":{"angle":-22.5,"axis":"z","origin":[8.0,8.428857,8.857143]},"faces":{"south":{"uv":[10.5,4.0,11.375,4.25],"rotation":0,"texture":"#0","tintindex":0},"north":{"uv":[10.5,3.5,11.375,3.75],"rotation":0,"texture":"#0","tintindex":0},"down":{"uv":[9.75,0.0,8.875,0.875],"rotation":0,"texture":"#0","tintindex":0},"east":{"uv":[10.5,3.75,11.375,4.0],"rotation":0,"texture":"#0","tintindex":0},"west":{"uv":[10.5,4.25,11.375,4.5],"rotation":0,"texture":"#0","tintindex":0},"up":{"uv":[9.0,9.625,8.125,8.75],"rotation":0,"texture":"#0","tintindex":0}}},{"from":[7.714857,8.714857,6.857714],"to":[11.713715,9.857143,10.856571],"rotation":{"angle":0.0,"axis":"y","origin":[8.0,9.286,8.857143]},"faces":{"south":{"uv":[10.5,3.0,11.375,3.25],"rotation":0,"texture":"#0","tintindex":0},"north":{"uv":[10.5,2.5,11.375,2.75],"rotation":0,"texture":"#0","tintindex":0},"down":{"uv":[8.125,8.75,7.25,9.625],"rotation":0,"texture":"#0","tintindex":0},"east":{"uv":[10.5,2.75,11.375,3.0],"rotation":0,"texture":"#0","tintindex":0},"west":{"uv":[10.5,3.25,11.375,3.5],"rotation":0,"texture":"#0","tintindex":0},"up":{"uv":[7.25,9.625,6.375,8.75],"rotation":0,"texture":"#0","tintindex":0}}}],"textures":{"0":"modelengine:entity/necros"},"display":{"head":{"translation":[0.0,-6.4,0.0],"scale":[4.0,4.0,4.0]}}}