{"elements":[{"from":[4.565714,-7.434286,3.4228568],"to":[11.434286,8.577143,9.148571],"rotation":{"angle":0.0,"axis":"y","origin":[8.0,6.857143,8.0]},"faces":{"south":{"uv":[1.5,0.0,3.0,3.5],"rotation":0,"texture":"#0","tintindex":0},"north":{"uv":[0.0,0.0,1.5,3.5],"rotation":0,"texture":"#0","tintindex":0},"down":{"uv":[8.375,3.25,6.875,4.5],"rotation":0,"texture":"#0","tintindex":0},"east":{"uv":[3.0,0.0,4.25,3.5],"rotation":0,"texture":"#0","tintindex":0},"west":{"uv":[0.0,3.5,1.25,7.0],"rotation":0,"texture":"#0","tintindex":0},"up":{"uv":[7.625,3.25,6.125,2.0],"rotation":0,"texture":"#0","tintindex":0}}},{"from":[11.411428,-7.434286,3.4228568],"to":[4.5657144,8.577143,9.148571],"rotation":{"angle":0.0,"axis":"y","origin":[14.845715,6.857143,8.0]},"faces":{"south":{"uv":[1.5,0.0,3.0,3.5],"rotation":0,"texture":"#0","tintindex":0},"north":{"uv":[0.0,0.0,1.5,3.5],"rotation":0,"texture":"#0","tintindex":0},"down":{"uv":[8.375,3.25,6.875,4.5],"rotation":0,"texture":"#0","tintindex":0},"east":{"uv":[3.0,0.0,4.25,3.5],"rotation":0,"texture":"#0","tintindex":0},"west":{"uv":[0.0,3.5,1.25,7.0],"rotation":0,"texture":"#0","tintindex":0},"up":{"uv":[7.625,3.25,6.125,2.0],"rotation":0,"texture":"#0","tintindex":0}}}],"textures":{"0":"modelengine:entity/necros"},"display":{"head":{"translation":[0.0,-6.4,0.0],"scale":[4.0,4.0,4.0]}}}