{"elements":[{"from":[7.428571,7.428571,0.5714283],"to":[8.571428,8.571428,16.0],"rotation":{"angle":0.0,"axis":"y","origin":[8.0,7.428571,8.0]},"faces":{"south":{"uv":[7.125,11.25,7.375,11.5],"rotation":0,"texture":"#0","tintindex":0},"north":{"uv":[6.875,11.25,7.125,11.5],"rotation":0,"texture":"#0","tintindex":0},"down":{"uv":[4.5,9.5,4.25,11.25],"rotation":0,"texture":"#0","tintindex":0},"east":{"uv":[9.5,7.125,11.25,7.375],"rotation":0,"texture":"#0","tintindex":0},"west":{"uv":[9.5,7.375,11.25,7.625],"rotation":0,"texture":"#0","tintindex":0},"up":{"uv":[4.25,11.25,4.0,9.5],"rotation":0,"texture":"#0","tintindex":0}}},{"from":[7.428571,8.571428,-2.8571434],"to":[8.571428,9.714286,2.2857141],"rotation":{"angle":0.0,"axis":"y","origin":[8.0,8.571428,1.7142854]},"faces":{"south":{"uv":[11.25,7.125,11.5,7.375],"rotation":0,"texture":"#0","tintindex":0},"north":{"uv":[6.875,11.25,7.125,11.5],"rotation":0,"texture":"#0","tintindex":0},"down":{"uv":[9.875,10.125,9.625,11.25],"rotation":0,"texture":"#0","tintindex":0},"east":{"uv":[10.0,6.625,11.125,6.875],"rotation":0,"texture":"#0","tintindex":0},"west":{"uv":[10.125,8.0,11.25,8.25],"rotation":0,"texture":"#0","tintindex":0},"up":{"uv":[9.625,11.125,9.375,10.0],"rotation":0,"texture":"#0","tintindex":0}}},{"from":[7.428571,7.428571,-6.8571434],"to":[8.571428,8.571428,-1.7142859],"rotation":{"angle":0.0,"axis":"y","origin":[8.0,7.428571,-2.285715]},"faces":{"south":{"uv":[11.25,7.125,11.5,7.375],"rotation":0,"texture":"#0","tintindex":0},"north":{"uv":[6.875,11.25,7.125,11.5],"rotation":0,"texture":"#0","tintindex":0},"down":{"uv":[9.625,10.125,9.875,11.25],"rotation":0,"texture":"#0","tintindex":0},"east":{"uv":[10.0,6.625,11.125,6.875],"rotation":0,"texture":"#0","tintindex":0},"west":{"uv":[10.125,8.0,11.25,8.25],"rotation":0,"texture":"#0","tintindex":0},"up":{"uv":[9.375,10.0,9.625,11.125],"rotation":0,"texture":"#0","tintindex":0}}},{"from":[6.285714,6.285714,-9.714287],"to":[9.714286,9.714286,-6.8571434],"rotation":{"angle":0.0,"axis":"y","origin":[8.0,7.428571,-5.1428576]},"faces":{"south":{"uv":[8.875,1.625,9.625,2.375],"rotation":0,"texture":"#0","tintindex":0},"north":{"uv":[8.875,0.875,9.625,1.625],"rotation":0,"texture":"#0","tintindex":0},"down":{"uv":[10.125,8.625,9.375,9.25],"rotation":0,"texture":"#0","tintindex":0},"east":{"uv":[9.25,3.0,9.875,3.75],"rotation":0,"texture":"#0","tintindex":0},"west":{"uv":[9.0,9.25,9.625,10.0],"rotation":0,"texture":"#0","tintindex":0},"up":{"uv":[10.125,8.625,9.375,8.0],"rotation":0,"texture":"#0","tintindex":0}}},{"from":[6.857143,6.285714,-6.8571434],"to":[9.142858,7.428571,-5.714287],"rotation":{"angle":0.0,"axis":"y","origin":[8.0,7.428571,-2.8571434]},"faces":{"south":{"uv":[7.75,11.0,8.25,11.25],"rotation":0,"texture":"#0","tintindex":0},"north":{"uv":[7.25,11.0,7.75,11.25],"rotation":0,"texture":"#0","tintindex":0},"down":{"uv":[11.5,9.125,11.0,9.375],"rotation":0,"texture":"#0","tintindex":0},"east":{"uv":[7.375,11.25,7.625,11.5],"rotation":0,"texture":"#0","tintindex":0},"west":{"uv":[11.25,7.375,11.5,7.625],"rotation":0,"texture":"#0","tintindex":0},"up":{"uv":[8.75,11.25,8.25,11.0],"rotation":0,"texture":"#0","tintindex":0}}},{"from":[8.0,6.285714,-5.1428576],"to":[9.142858,8.0,-3.4285717],"rotation":{"angle":0.0,"axis":"y","origin":[7.428571,7.428571,-0.57142925]},"faces":{"south":{"uv":[4.875,11.25,5.125,11.625],"rotation":0,"texture":"#0","tintindex":0},"north":{"uv":[4.625,11.25,4.875,11.625],"rotation":0,"texture":"#0","tintindex":0},"down":{"uv":[5.625,11.25,5.375,11.625],"rotation":0,"texture":"#0","tintindex":0},"east":{"uv":[1.375,11.0,1.75,11.375],"rotation":0,"texture":"#0","tintindex":0},"west":{"uv":[11.0,1.5,11.375,1.875],"rotation":0,"texture":"#0","tintindex":0},"up":{"uv":[5.375,11.625,5.125,11.25],"rotation":0,"texture":"#0","tintindex":0}}},{"from":[7.714286,8.285714,-4.5714293],"to":[8.857143,10.0,-2.8571434],"rotation":{"angle":0.0,"axis":"y","origin":[8.285714,9.142858,-3.7142859]},"faces":{"south":{"uv":[4.875,11.25,5.125,11.625],"rotation":0,"texture":"#0","tintindex":0},"north":{"uv":[4.625,11.25,4.875,11.625],"rotation":0,"texture":"#0","tintindex":0},"down":{"uv":[5.375,11.25,5.625,11.625],"rotation":0,"texture":"#0","tintindex":0},"east":{"uv":[1.375,11.0,1.75,11.375],"rotation":0,"texture":"#0","tintindex":0},"west":{"uv":[11.0,1.5,11.375,1.875],"rotation":0,"texture":"#0","tintindex":0},"up":{"uv":[5.125,11.25,5.375,11.625],"rotation":0,"texture":"#0","tintindex":0}}},{"from":[8.285714,7.714286,-1.1428576],"to":[9.428572,9.428572,0.5714283],"rotation":{"angle":0.0,"axis":"y","origin":[8.857143,8.571428,-0.2857151]},"faces":{"south":{"uv":[4.875,11.25,5.125,11.625],"rotation":0,"texture":"#0","tintindex":0},"north":{"uv":[4.625,11.25,4.875,11.625],"rotation":0,"texture":"#0","tintindex":0},"down":{"uv":[5.375,11.25,5.625,11.625],"rotation":0,"texture":"#0","tintindex":0},"east":{"uv":[1.375,11.0,1.75,11.375],"rotation":0,"texture":"#0","tintindex":0},"west":{"uv":[11.0,1.5,11.375,1.875],"rotation":0,"texture":"#0","tintindex":0},"up":{"uv":[5.125,11.25,5.375,11.625],"rotation":0,"texture":"#0","tintindex":0}}},{"from":[7.7979712,6.2591715,-2.5714293],"to":[8.3694,10.8306,-2.0],"rotation":{"angle":-45.0,"axis":"z","origin":[8.083686,8.544886,-2.285715]},"faces":{"south":{"uv":[11.75,0.125,11.875,1.125],"rotation":0,"texture":"#0","tintindex":0},"north":{"uv":[11.5,0.125,11.625,1.125],"rotation":0,"texture":"#0","tintindex":0},"down":{"uv":[11.75,0.0,11.625,0.125],"rotation":0,"texture":"#0","tintindex":0},"east":{"uv":[11.375,0.125,11.5,1.125],"rotation":0,"texture":"#0","tintindex":0},"west":{"uv":[11.625,0.125,11.75,1.125],"rotation":0,"texture":"#0","tintindex":0},"up":{"uv":[11.625,0.125,11.5,0.0],"rotation":0,"texture":"#0","tintindex":0}}},{"from":[7.466851,6.142857,2.8571424],"to":[8.03828,10.714286,3.4285712],"rotation":{"angle":45.0,"axis":"z","origin":[7.752566,8.428572,3.142857]},"faces":{"south":{"uv":[11.75,0.125,11.875,1.125],"rotation":0,"texture":"#0","tintindex":0},"north":{"uv":[11.5,0.125,11.625,1.125],"rotation":0,"texture":"#0","tintindex":0},"down":{"uv":[11.75,0.0,11.625,0.125],"rotation":0,"texture":"#0","tintindex":0},"east":{"uv":[11.375,0.125,11.5,1.125],"rotation":0,"texture":"#0","tintindex":0},"west":{"uv":[11.625,0.125,11.75,1.125],"rotation":0,"texture":"#0","tintindex":0},"up":{"uv":[11.625,0.125,11.5,0.0],"rotation":0,"texture":"#0","tintindex":0}}}],"textures":{"0":"modelengine:entity/necros"},"display":{"head":{"translation":[0.0,-6.4,0.0],"scale":[4.0,4.0,4.0]}}}