{"elements":[{"from":[4.8571424,14.285715,4.285714],"to":[11.142858,17.142857,10.0],"rotation":{"angle":0.0,"axis":"y","origin":[8.285714,-0.57142925,7.142857]},"faces":{"south":{"uv":[8.25,6.5,9.625,7.125],"rotation":0,"texture":"#0","tintindex":0},"north":{"uv":[5.0,8.25,6.375,8.875],"rotation":0,"texture":"#0","tintindex":0},"down":{"uv":[1.375,7.125,0.0,8.375],"rotation":0,"texture":"#0","tintindex":0},"east":{"uv":[8.25,7.125,9.5,7.75],"rotation":0,"texture":"#0","tintindex":0},"west":{"uv":[2.25,8.375,3.5,9.0],"rotation":0,"texture":"#0","tintindex":0},"up":{"uv":[8.25,7.75,6.875,6.5],"rotation":0,"texture":"#0","tintindex":0}}},{"from":[6.5714283,8.0,4.0],"to":[9.428572,8.571428,5.142857],"rotation":{"angle":0.0,"axis":"y","origin":[8.285714,7.428571,4.5714283]},"faces":{"south":{"uv":[3.5,8.875,4.125,9.0],"rotation":0,"texture":"#0","tintindex":0},"north":{"uv":[6.125,3.5,6.75,3.625],"rotation":0,"texture":"#0","tintindex":0},"down":{"uv":[11.375,9.75,10.75,10.0],"rotation":0,"texture":"#0","tintindex":0},"east":{"uv":[9.875,11.25,10.125,11.375],"rotation":0,"texture":"#0","tintindex":0},"west":{"uv":[11.25,10.0,11.5,10.125],"rotation":0,"texture":"#0","tintindex":0},"up":{"uv":[11.375,7.125,10.75,6.875],"rotation":0,"texture":"#0","tintindex":0}}},{"from":[8.285714,6.857143,4.0],"to":[8.857143,8.0,4.5714283],"rotation":{"angle":0.0,"axis":"y","origin":[8.857143,6.857143,4.5714283]},"faces":{"south":{"uv":[9.875,10.125,10.0,10.375],"rotation":0,"texture":"#0","tintindex":0},"north":{"uv":[4.875,10.125,5.0,10.375],"rotation":0,"texture":"#0","tintindex":0},"down":{"uv":[4.25,7.125,4.125,7.25],"rotation":0,"texture":"#0","tintindex":0},"east":{"uv":[6.125,10.125,6.25,10.375],"rotation":0,"texture":"#0","tintindex":0},"west":{"uv":[2.125,10.375,2.25,10.625],"rotation":0,"texture":"#0","tintindex":0},"up":{"uv":[6.875,3.625,6.75,3.5],"rotation":0,"texture":"#0","tintindex":0}}},{"from":[7.142857,6.857143,4.0],"to":[7.714286,8.0,4.5714283],"rotation":{"angle":0.0,"axis":"y","origin":[7.714286,6.857143,4.5714283]},"faces":{"south":{"uv":[9.875,10.125,10.0,10.375],"rotation":0,"texture":"#0","tintindex":0},"north":{"uv":[4.875,10.125,5.0,10.375],"rotation":0,"texture":"#0","tintindex":0},"down":{"uv":[4.125,7.125,4.25,7.25],"rotation":0,"texture":"#0","tintindex":0},"east":{"uv":[6.125,10.125,6.25,10.375],"rotation":0,"texture":"#0","tintindex":0},"west":{"uv":[2.125,10.375,2.25,10.625],"rotation":0,"texture":"#0","tintindex":0},"up":{"uv":[6.75,3.5,6.875,3.625],"rotation":0,"texture":"#0","tintindex":0}}},{"from":[6.1142855,7.142857,4.1142855],"to":[6.6857142,8.285714,4.685714],"rotation":{"angle":0.0,"axis":"y","origin":[6.6857142,7.142857,4.685714]},"faces":{"south":{"uv":[9.875,10.125,10.0,10.375],"rotation":0,"texture":"#0","tintindex":0},"north":{"uv":[4.875,10.125,5.0,10.375],"rotation":0,"texture":"#0","tintindex":0},"down":{"uv":[4.125,7.125,4.25,7.25],"rotation":0,"texture":"#0","tintindex":0},"east":{"uv":[6.125,10.125,6.25,10.375],"rotation":0,"texture":"#0","tintindex":0},"west":{"uv":[2.125,10.375,2.25,10.625],"rotation":0,"texture":"#0","tintindex":0},"up":{"uv":[6.75,3.5,6.875,3.625],"rotation":0,"texture":"#0","tintindex":0}}},{"from":[9.314285,7.142857,4.1142855],"to":[9.885715,8.285714,4.685714],"rotation":{"angle":0.0,"axis":"y","origin":[9.885715,7.142857,4.685714]},"faces":{"south":{"uv":[9.875,10.125,10.0,10.375],"rotation":0,"texture":"#0","tintindex":0},"north":{"uv":[4.875,10.125,5.0,10.375],"rotation":0,"texture":"#0","tintindex":0},"down":{"uv":[4.125,7.125,4.25,7.25],"rotation":0,"texture":"#0","tintindex":0},"east":{"uv":[6.125,10.125,6.25,10.375],"rotation":0,"texture":"#0","tintindex":0},"west":{"uv":[2.125,10.375,2.25,10.625],"rotation":0,"texture":"#0","tintindex":0},"up":{"uv":[6.75,3.5,6.875,3.625],"rotation":0,"texture":"#0","tintindex":0}}},{"from":[4.8571424,8.571428,4.0],"to":[11.142858,13.142858,9.714286],"rotation":{"angle":0.0,"axis":"y","origin":[8.285714,8.571428,4.5714283]},"faces":{"south":{"uv":[5.5,7.25,6.875,8.25],"rotation":0,"texture":"#0","tintindex":0},"north":{"uv":[4.125,7.25,5.5,8.25],"rotation":0,"texture":"#0","tintindex":0},"down":{"uv":[4.125,7.125,2.75,8.375],"rotation":0,"texture":"#0","tintindex":0},"east":{"uv":[7.625,2.0,8.875,3.0],"rotation":0,"texture":"#0","tintindex":0},"west":{"uv":[6.875,7.75,8.125,8.75],"rotation":0,"texture":"#0","tintindex":0},"up":{"uv":[2.75,8.375,1.375,7.125],"rotation":0,"texture":"#0","tintindex":0}}},{"from":[6.0,5.428571,4.8571424],"to":[10.0,6.0,7.142857],"rotation":{"angle":0.0,"axis":"y","origin":[8.285714,5.428571,4.285714]},"faces":{"south":{"uv":[0.75,9.125,1.625,9.25],"rotation":0,"texture":"#0","tintindex":0},"north":{"uv":[0.0,7.0,0.875,7.125],"rotation":0,"texture":"#0","tintindex":0},"down":{"uv":[4.0,9.5,3.125,10.0],"rotation":0,"texture":"#0","tintindex":0},"east":{"uv":[1.625,9.125,2.125,9.25],"rotation":0,"texture":"#0","tintindex":0},"west":{"uv":[10.25,6.25,10.75,6.375],"rotation":0,"texture":"#0","tintindex":0},"up":{"uv":[3.125,10.0,2.25,9.5],"rotation":0,"texture":"#0","tintindex":0}}},{"from":[6.0,6.0,4.8571424],"to":[8.285714,6.5714283,6.5714283],"rotation":{"angle":0.0,"axis":"y","origin":[8.285714,6.0,3.7142854]},"faces":{"south":{"uv":[11.0,1.875,11.5,2.0],"rotation":0,"texture":"#0","tintindex":0},"north":{"uv":[10.375,7.625,10.875,7.75],"rotation":0,"texture":"#0","tintindex":0},"down":{"uv":[7.375,10.625,6.875,11.0],"rotation":0,"texture":"#0","tintindex":0},"east":{"uv":[11.0,5.75,11.375,5.875],"rotation":0,"texture":"#0","tintindex":0},"west":{"uv":[11.0,9.625,11.375,9.75],"rotation":0,"texture":"#0","tintindex":0},"up":{"uv":[2.625,11.0,2.125,10.625],"rotation":0,"texture":"#0","tintindex":0}}},{"from":[6.0,6.5714283,4.8571424],"to":[7.142857,7.142857,6.5714283],"rotation":{"angle":0.0,"axis":"y","origin":[8.285714,6.5714283,3.7142854]},"faces":{"south":{"uv":[11.25,10.25,11.5,10.375],"rotation":0,"texture":"#0","tintindex":0},"north":{"uv":[11.25,10.125,11.5,10.25],"rotation":0,"texture":"#0","tintindex":0},"down":{"uv":[9.375,11.125,9.125,11.5],"rotation":0,"texture":"#0","tintindex":0},"east":{"uv":[7.625,11.25,8.0,11.375],"rotation":0,"texture":"#0","tintindex":0},"west":{"uv":[11.25,7.625,11.625,7.75],"rotation":0,"texture":"#0","tintindex":0},"up":{"uv":[11.375,9.125,11.125,8.75],"rotation":0,"texture":"#0","tintindex":0}}},{"from":[6.0,6.0,6.5714283],"to":[10.0,8.857143,7.142857],"rotation":{"angle":0.0,"axis":"y","origin":[8.285714,6.0,4.285714]},"faces":{"south":{"uv":[5.0,8.875,5.875,9.5],"rotation":0,"texture":"#0","tintindex":0},"north":{"uv":[8.875,2.375,9.75,3.0],"rotation":0,"texture":"#0","tintindex":0},"down":{"uv":[11.75,4.875,10.875,5.0],"rotation":0,"texture":"#0","tintindex":0},"east":{"uv":[6.25,8.875,6.375,9.5],"rotation":0,"texture":"#0","tintindex":0},"west":{"uv":[5.75,9.5,5.875,10.125],"rotation":0,"texture":"#0","tintindex":0},"up":{"uv":[10.375,7.75,9.5,7.625],"rotation":0,"texture":"#0","tintindex":0}}},{"from":[5.428571,9.142858,4.0571427],"to":[7.142857,10.857143,4.6285715],"rotation":{"angle":0.0,"axis":"y","origin":[6.5714283,9.142858,2.9142857]},"faces":{"south":{"uv":[1.0,11.0,1.375,11.375],"rotation":0,"texture":"#0","tintindex":0},"north":{"uv":[10.625,10.875,11.0,11.25],"rotation":0,"texture":"#0","tintindex":0},"down":{"uv":[11.625,8.0,11.25,8.125],"rotation":0,"texture":"#0","tintindex":0},"east":{"uv":[9.875,3.375,10.0,3.75],"rotation":0,"texture":"#0","tintindex":0},"west":{"uv":[3.875,10.0,4.0,10.375],"rotation":0,"texture":"#0","tintindex":0},"up":{"uv":[8.375,11.375,8.0,11.25],"rotation":0,"texture":"#0","tintindex":0}}},{"from":[8.857143,9.142858,4.0571427],"to":[10.571428,10.857143,4.6285715],"rotation":{"angle":0.0,"axis":"y","origin":[10.0,9.142858,2.9142857]},"faces":{"south":{"uv":[1.0,11.0,1.375,11.375],"rotation":0,"texture":"#0","tintindex":0},"north":{"uv":[10.625,10.875,11.0,11.25],"rotation":0,"texture":"#0","tintindex":0},"down":{"uv":[11.25,8.0,11.625,8.125],"rotation":0,"texture":"#0","tintindex":0},"east":{"uv":[9.875,3.375,10.0,3.75],"rotation":0,"texture":"#0","tintindex":0},"west":{"uv":[3.875,10.0,4.0,10.375],"rotation":0,"texture":"#0","tintindex":0},"up":{"uv":[8.0,11.25,8.375,11.375],"rotation":0,"texture":"#0","tintindex":0}}}],"textures":{"0":"modelengine:entity/necros"},"display":{"head":{"translation":[0.0,-6.4,0.0],"scale":[4.0,4.0,4.0]}}}