{"elements":[{"from":[-1.1422863,4.0005713,6.2862854],"to":[0.5708566,8.0,8.570857],"rotation":{"angle":0.0,"axis":"y","origin":[3.4285712,-1.1428576,7.428571]},"faces":{"south":{"uv":[9.625,9.25,10.0,10.125],"rotation":0,"texture":"#0","tintindex":0},"north":{"uv":[8.5,9.625,8.875,10.5],"rotation":0,"texture":"#0","tintindex":0},"down":{"uv":[3.125,10.5,2.75,11.0],"rotation":0,"texture":"#0","tintindex":0},"east":{"uv":[4.5,9.25,5.0,10.125],"rotation":0,"texture":"#0","tintindex":0},"west":{"uv":[0.75,9.5,1.25,10.375],"rotation":0,"texture":"#0","tintindex":0},"up":{"uv":[10.25,10.875,9.875,10.375],"rotation":0,"texture":"#0","tintindex":0}}},{"from":[-1.1422863,1.7148571,6.0005713],"to":[1.1422853,4.0,8.856571],"rotation":{"angle":0.0,"axis":"y","origin":[3.4285712,-6.285715,7.142857]},"faces":{"south":{"uv":[10.25,9.75,10.75,10.25],"rotation":0,"texture":"#0","tintindex":0},"north":{"uv":[10.25,9.25,10.75,9.75],"rotation":0,"texture":"#0","tintindex":0},"down":{"uv":[10.5,3.375,10.0,4.0],"rotation":0,"texture":"#0","tintindex":0},"east":{"uv":[10.0,1.5,10.625,2.0],"rotation":0,"texture":"#0","tintindex":0},"west":{"uv":[2.75,10.0,3.375,10.5],"rotation":0,"texture":"#0","tintindex":0},"up":{"uv":[3.875,10.625,3.375,10.0],"rotation":0,"texture":"#0","tintindex":0}}}],"textures":{"0":"modelengine:entity/necros"},"display":{"head":{"translation":[0.0,-6.4,0.0],"scale":[4.0,4.0,4.0]}}}