{"elements":[{"from":[-2.8628578,-7.434286,5.7085714],"to":[1.1485715,9.148571,10.291429],"rotation":{"angle":0.0,"axis":"y","origin":[-3.4285717,8.0,9.714286]},"faces":{"south":{"uv":[6.0,3.625,6.875,7.25],"rotation":0,"texture":"#0","tintindex":0},"north":{"uv":[5.25,0.0,6.125,3.625],"rotation":0,"texture":"#0","tintindex":0},"down":{"uv":[5.0,8.25,4.125,9.25],"rotation":0,"texture":"#0","tintindex":0},"east":{"uv":[3.25,3.5,4.25,7.125],"rotation":0,"texture":"#0","tintindex":0},"west":{"uv":[4.25,0.0,5.25,3.625],"rotation":0,"texture":"#0","tintindex":0},"up":{"uv":[9.0,8.75,8.125,7.75],"rotation":0,"texture":"#0","tintindex":0}}},{"from":[1.1485715,-7.434286,5.7085714],"to":[-2.8400002,9.148571,10.291429],"rotation":{"angle":0.0,"axis":"y","origin":[0.58285713,8.0,9.714286]},"faces":{"south":{"uv":[6.0,3.625,6.875,7.25],"rotation":0,"texture":"#0","tintindex":0},"north":{"uv":[5.25,0.0,6.125,3.625],"rotation":0,"texture":"#0","tintindex":0},"down":{"uv":[5.0,8.25,4.125,9.25],"rotation":0,"texture":"#0","tintindex":0},"east":{"uv":[3.25,3.5,4.25,7.125],"rotation":0,"texture":"#0","tintindex":0},"west":{"uv":[4.25,0.0,5.25,3.625],"rotation":0,"texture":"#0","tintindex":0},"up":{"uv":[9.0,8.75,8.125,7.75],"rotation":0,"texture":"#0","tintindex":0}}}],"textures":{"0":"modelengine:entity/necros"},"display":{"head":{"translation":[0.0,-6.4,0.0],"scale":[4.0,4.0,4.0]}}}