{"elements":[{"from":[6.857143,3.4285712,6.857143],"to":[8.0,8.571428,8.571428],"rotation":{"angle":0.0,"axis":"y","origin":[10.857143,-5.1428576,8.0]},"faces":{"south":{"uv":[8.875,10.0,9.125,11.125],"rotation":0,"texture":"#0","tintindex":0},"north":{"uv":[10.0,5.25,10.25,6.375],"rotation":0,"texture":"#0","tintindex":0},"down":{"uv":[10.5,11.0,10.25,11.375],"rotation":0,"texture":"#0","tintindex":0},"east":{"uv":[5.0,9.5,5.375,10.625],"rotation":0,"texture":"#0","tintindex":0},"west":{"uv":[5.375,9.5,5.75,10.625],"rotation":0,"texture":"#0","tintindex":0},"up":{"uv":[4.0,11.25,3.75,10.875],"rotation":0,"texture":"#0","tintindex":0}}}],"textures":{"0":"modelengine:entity/necros"},"display":{"head":{"translation":[0.0,-6.4,0.0],"scale":[4.0,4.0,4.0]}}}