{"elements":[{"from":[6.257143,3.4285712,6.857143],"to":[7.9428573,8.0,8.571428],"rotation":{"angle":0.0,"axis":"y","origin":[7.9428573,1.1428566,8.0]},"faces":{"south":{"uv":[6.25,9.625,6.625,10.625],"rotation":0,"texture":"#0","tintindex":0},"north":{"uv":[9.625,4.875,10.0,5.875],"rotation":0,"texture":"#0","tintindex":0},"down":{"uv":[4.875,10.875,4.5,11.25],"rotation":0,"texture":"#0","tintindex":0},"east":{"uv":[9.625,5.875,10.0,6.875],"rotation":0,"texture":"#0","tintindex":0},"west":{"uv":[6.625,9.625,7.0,10.625],"rotation":0,"texture":"#0","tintindex":0},"up":{"uv":[3.75,11.25,3.375,10.875],"rotation":0,"texture":"#0","tintindex":0}}}],"textures":{"0":"modelengine:entity/necros"},"display":{"head":{"translation":[0.0,-6.4,0.0],"scale":[4.0,4.0,4.0]}}}