{"elements":[{"from":[8.0,3.4285712,8.0],"to":[9.714286,8.0,9.714286],"rotation":{"angle":0.0,"axis":"y","origin":[8.571428,6.857143,8.571428]},"faces":{"south":{"uv":[8.125,9.625,7.75,10.625],"rotation":0,"texture":"#0","tintindex":0},"north":{"uv":[7.375,9.625,7.0,10.625],"rotation":0,"texture":"#0","tintindex":0},"down":{"uv":[6.75,10.875,6.375,11.25],"rotation":0,"texture":"#0","tintindex":0},"east":{"uv":[8.5,9.625,8.125,10.625],"rotation":0,"texture":"#0","tintindex":0},"west":{"uv":[7.75,9.625,7.375,10.625],"rotation":0,"texture":"#0","tintindex":0},"up":{"uv":[6.375,10.875,6.0,11.25],"rotation":0,"texture":"#0","tintindex":0}}},{"from":[7.714286,1.7142854,9.142858],"to":[10.0,3.4285712,10.285714],"rotation":{"angle":0.0,"axis":"y","origin":[8.285714,1.7142854,9.142858]},"faces":{"south":{"uv":[8.375,10.625,7.875,11.0],"rotation":0,"texture":"#0","tintindex":0},"north":{"uv":[7.875,10.625,7.375,11.0],"rotation":0,"texture":"#0","tintindex":0},"down":{"uv":[11.5,5.25,11.0,5.5],"rotation":0,"texture":"#0","tintindex":0},"east":{"uv":[11.375,10.5,11.125,10.875],"rotation":0,"texture":"#0","tintindex":0},"west":{"uv":[9.625,11.125,9.375,11.5],"rotation":0,"texture":"#0","tintindex":0},"up":{"uv":[2.75,11.0,2.25,11.25],"rotation":0,"texture":"#0","tintindex":0}}},{"from":[7.714286,1.7142854,7.885714],"to":[10.0,3.4285712,9.028571],"rotation":{"angle":0.0,"axis":"y","origin":[8.285714,1.7142854,7.885714]},"faces":{"south":{"uv":[11.125,10.5,10.625,10.875],"rotation":0,"texture":"#0","tintindex":0},"north":{"uv":[11.125,8.75,10.625,9.125],"rotation":0,"texture":"#0","tintindex":0},"down":{"uv":[7.25,11.0,6.75,11.25],"rotation":0,"texture":"#0","tintindex":0},"east":{"uv":[2.0,11.25,1.75,11.625],"rotation":0,"texture":"#0","tintindex":0},"west":{"uv":[0.875,11.25,0.625,11.625],"rotation":0,"texture":"#0","tintindex":0},"up":{"uv":[11.5,5.5,11.0,5.75],"rotation":0,"texture":"#0","tintindex":0}}},{"from":[7.714286,1.7142854,6.1714287],"to":[8.857143,2.8571424,7.885714],"rotation":{"angle":0.0,"axis":"y","origin":[8.285714,1.7142854,6.742857]},"faces":{"south":{"uv":[6.375,11.25,6.125,11.5],"rotation":0,"texture":"#0","tintindex":0},"north":{"uv":[6.125,11.25,5.875,11.5],"rotation":0,"texture":"#0","tintindex":0},"down":{"uv":[3.625,11.25,3.375,11.625],"rotation":0,"texture":"#0","tintindex":0},"east":{"uv":[2.75,11.25,2.375,11.5],"rotation":0,"texture":"#0","tintindex":0},"west":{"uv":[2.375,11.25,2.0,11.5],"rotation":0,"texture":"#0","tintindex":0},"up":{"uv":[3.0,11.25,2.75,11.625],"rotation":0,"texture":"#0","tintindex":0}}},{"from":[8.971429,1.7142854,6.1714287],"to":[10.114286,2.8571424,7.885714],"rotation":{"angle":0.0,"axis":"y","origin":[9.542857,1.7142854,6.742857]},"faces":{"south":{"uv":[6.875,11.25,6.625,11.5],"rotation":0,"texture":"#0","tintindex":0},"north":{"uv":[6.625,11.25,6.375,11.5],"rotation":0,"texture":"#0","tintindex":0},"down":{"uv":[11.5,4.5,11.25,4.875],"rotation":0,"texture":"#0","tintindex":0},"east":{"uv":[4.375,11.25,4.0,11.5],"rotation":0,"texture":"#0","tintindex":0},"west":{"uv":[4.0,11.25,3.625,11.5],"rotation":0,"texture":"#0","tintindex":0},"up":{"uv":[4.625,11.25,4.375,11.625],"rotation":0,"texture":"#0","tintindex":0}}},{"from":[8.0,7.428571,7.428571],"to":[9.714286,9.142858,8.0],"rotation":{"angle":0.0,"axis":"y","origin":[8.571428,8.0,6.857143]},"faces":{"south":{"uv":[10.25,10.875,9.875,11.25],"rotation":0,"texture":"#0","tintindex":0},"north":{"uv":[11.25,7.625,10.875,8.0],"rotation":0,"texture":"#0","tintindex":0},"down":{"uv":[11.625,7.875,11.25,8.0],"rotation":0,"texture":"#0","tintindex":0},"east":{"uv":[9.0,9.625,8.875,10.0],"rotation":0,"texture":"#0","tintindex":0},"west":{"uv":[9.75,2.0,9.625,2.375],"rotation":0,"texture":"#0","tintindex":0},"up":{"uv":[11.625,7.75,11.25,7.875],"rotation":0,"texture":"#0","tintindex":0}}}],"textures":{"0":"modelengine:entity/necros"},"display":{"head":{"translation":[0.0,-6.4,0.0],"scale":[4.0,4.0,4.0]}}}