{"elements":[{"from":[8.0,3.4285712,6.857143],"to":[9.142858,8.571428,8.571428],"rotation":{"angle":0.0,"axis":"y","origin":[5.142857,-5.1428576,8.0]},"faces":{"south":{"uv":[10.0,9.25,10.25,10.375],"rotation":0,"texture":"#0","tintindex":0},"north":{"uv":[9.125,10.0,9.375,11.125],"rotation":0,"texture":"#0","tintindex":0},"down":{"uv":[0.25,11.125,0.0,11.5],"rotation":0,"texture":"#0","tintindex":0},"east":{"uv":[9.625,0.875,10.0,2.0],"rotation":0,"texture":"#0","tintindex":0},"west":{"uv":[9.625,3.75,10.0,4.875],"rotation":0,"texture":"#0","tintindex":0},"up":{"uv":[11.25,11.25,11.0,10.875],"rotation":0,"texture":"#0","tintindex":0}}}],"textures":{"0":"modelengine:entity/necros"},"display":{"head":{"translation":[0.0,-6.4,0.0],"scale":[4.0,4.0,4.0]}}}