{"elements":[{"from":[8.000571,4.0005713,6.2862854],"to":[9.713715,8.0,8.570857],"rotation":{"angle":0.0,"axis":"y","origin":[5.142857,-1.1428576,7.428571]},"faces":{"south":{"uv":[9.75,2.0,10.125,2.875],"rotation":0,"texture":"#0","tintindex":0},"north":{"uv":[9.75,0.0,10.125,0.875],"rotation":0,"texture":"#0","tintindex":0},"down":{"uv":[8.875,10.5,8.5,11.0],"rotation":0,"texture":"#0","tintindex":0},"east":{"uv":[1.25,9.5,1.75,10.375],"rotation":0,"texture":"#0","tintindex":0},"west":{"uv":[1.75,9.5,2.25,10.375],"rotation":0,"texture":"#0","tintindex":0},"up":{"uv":[10.875,5.0,10.5,4.5],"rotation":0,"texture":"#0","tintindex":0}}},{"from":[7.429143,1.7148571,6.0005713],"to":[9.713715,4.0,8.856571],"rotation":{"angle":0.0,"axis":"y","origin":[5.142857,-6.285715,7.142857]},"faces":{"south":{"uv":[10.25,5.75,10.75,6.25],"rotation":0,"texture":"#0","tintindex":0},"north":{"uv":[10.25,5.25,10.75,5.75],"rotation":0,"texture":"#0","tintindex":0},"down":{"uv":[2.75,10.0,2.25,10.625],"rotation":0,"texture":"#0","tintindex":0},"east":{"uv":[3.5,8.375,4.125,8.875],"rotation":0,"texture":"#0","tintindex":0},"west":{"uv":[9.875,2.875,10.5,3.375],"rotation":0,"texture":"#0","tintindex":0},"up":{"uv":[10.5,1.5,10.0,0.875],"rotation":0,"texture":"#0","tintindex":0}}}],"textures":{"0":"modelengine:entity/necros"},"display":{"head":{"translation":[0.0,-6.4,0.0],"scale":[4.0,4.0,4.0]}}}