{"elements":[{"from":[3.4285712,8.0,3.4285712],"to":[12.571428,8.0,12.571428],"rotation":{"angle":0.0,"axis":"y","origin":[8.0,8.0,8.0]},"faces":{"south":{"uv":[60.0,0.25,64.0,0.25],"rotation":0,"texture":"#0","tintindex":0},"north":{"uv":[60.0,0.25,64.0,0.25],"rotation":0,"texture":"#0","tintindex":0},"down":{"uv":[60.0,0.0,64.0,4.0],"rotation":0,"texture":"#0","tintindex":0},"east":{"uv":[60.0,0.25,64.0,0.25],"rotation":0,"texture":"#0","tintindex":0},"west":{"uv":[60.0,0.25,64.0,0.25],"rotation":0,"texture":"#0","tintindex":0},"up":{"uv":[15.125,15.125,16.0,16.0],"rotation":0,"texture":"#0","tintindex":0}}}],"textures":{"0":"modelengine:entity/necros"},"display":{"head":{"translation":[0.0,-6.4,0.0],"scale":[4.0,4.0,4.0]}}}