{"elements":[{"from":[7.143429,9.143429,8.5720005],"to":[8.856571,12.0,9.713715],"rotation":{"angle":0.0,"axis":"y","origin":[7.714286,2.2857141,9.142858]},"faces":{"south":{"uv":[1.0,10.375,1.375,11.0],"rotation":0,"texture":"#0","tintindex":0},"north":{"uv":[8.375,3.875,8.75,4.5],"rotation":0,"texture":"#0","tintindex":0},"down":{"uv":[11.375,9.375,11.0,9.625],"rotation":0,"texture":"#0","tintindex":0},"east":{"uv":[0.75,10.625,1.0,11.25],"rotation":0,"texture":"#0","tintindex":0},"west":{"uv":[10.75,5.25,11.0,5.875],"rotation":0,"texture":"#0","tintindex":0},"up":{"uv":[3.125,11.25,2.75,11.0],"rotation":0,"texture":"#0","tintindex":0}}},{"from":[7.143429,11.429143,9.714857],"to":[8.856571,17.142857,11.428],"rotation":{"angle":0.0,"axis":"y","origin":[7.714286,4.5714283,10.857143]},"faces":{"south":{"uv":[0.0,9.125,0.375,10.375],"rotation":0,"texture":"#0","tintindex":0},"north":{"uv":[5.875,8.875,6.25,10.125],"rotation":0,"texture":"#0","tintindex":0},"down":{"uv":[5.25,10.875,4.875,11.25],"rotation":0,"texture":"#0","tintindex":0},"east":{"uv":[9.0,8.0,9.375,9.25],"rotation":0,"texture":"#0","tintindex":0},"west":{"uv":[0.375,9.125,0.75,10.375],"rotation":0,"texture":"#0","tintindex":0},"up":{"uv":[11.25,4.875,10.875,4.5],"rotation":0,"texture":"#0","tintindex":0}}},{"from":[7.143429,17.143429,6.857714],"to":[8.856571,17.714287,8.570857],"rotation":{"angle":0.0,"axis":"y","origin":[7.714286,4.5714283,8.571428]},"faces":{"south":{"uv":[10.125,0.75,10.5,0.875],"rotation":0,"texture":"#0","tintindex":0},"north":{"uv":[0.875,7.0,1.25,7.125],"rotation":0,"texture":"#0","tintindex":0},"down":{"uv":[6.0,10.875,5.625,11.25],"rotation":0,"texture":"#0","tintindex":0},"east":{"uv":[9.25,3.75,9.625,3.875],"rotation":0,"texture":"#0","tintindex":0},"west":{"uv":[10.125,2.75,10.5,2.875],"rotation":0,"texture":"#0","tintindex":0},"up":{"uv":[5.625,11.25,5.25,10.875],"rotation":0,"texture":"#0","tintindex":0}}},{"from":[7.143429,16.000572,6.857714],"to":[8.856571,17.142857,9.713715],"rotation":{"angle":0.0,"axis":"y","origin":[7.714286,4.0,8.571428]},"faces":{"south":{"uv":[11.125,6.375,11.5,6.625],"rotation":0,"texture":"#0","tintindex":0},"north":{"uv":[0.25,11.125,0.625,11.375],"rotation":0,"texture":"#0","tintindex":0},"down":{"uv":[2.125,10.375,1.75,11.0],"rotation":0,"texture":"#0","tintindex":0},"east":{"uv":[10.75,5.875,11.375,6.125],"rotation":0,"texture":"#0","tintindex":0},"west":{"uv":[10.75,6.125,11.375,6.375],"rotation":0,"texture":"#0","tintindex":0},"up":{"uv":[1.75,11.0,1.375,10.375],"rotation":0,"texture":"#0","tintindex":0}}},{"from":[5.429143,8.000571,6.857714],"to":[10.570857,9.142857,10.285143],"rotation":{"angle":0.0,"axis":"y","origin":[7.714286,-1.7142859,8.0]},"faces":{"south":{"uv":[10.0,6.375,11.125,6.625],"rotation":0,"texture":"#0","tintindex":0},"north":{"uv":[9.625,6.875,10.75,7.125],"rotation":0,"texture":"#0","tintindex":0},"down":{"uv":[2.25,8.375,1.125,9.125],"rotation":0,"texture":"#0","tintindex":0},"east":{"uv":[6.125,3.25,6.875,3.5],"rotation":0,"texture":"#0","tintindex":0},"west":{"uv":[7.625,3.0,8.375,3.25],"rotation":0,"texture":"#0","tintindex":0},"up":{"uv":[1.125,9.125,0.0,8.375],"rotation":0,"texture":"#0","tintindex":0}}},{"from":[4.857714,9.143429,6.857714],"to":[6.570857,10.285714,10.285143],"rotation":{"angle":0.0,"axis":"y","origin":[6.5714283,-0.57142925,8.0]},"faces":{"south":{"uv":[11.125,8.25,11.5,8.5],"rotation":0,"texture":"#0","tintindex":0},"north":{"uv":[11.125,6.625,11.5,6.875],"rotation":0,"texture":"#0","tintindex":0},"down":{"uv":[10.5,2.0,10.125,2.75],"rotation":0,"texture":"#0","tintindex":0},"east":{"uv":[10.5,5.0,11.25,5.25],"rotation":0,"texture":"#0","tintindex":0},"west":{"uv":[3.125,10.625,3.875,10.875],"rotation":0,"texture":"#0","tintindex":0},"up":{"uv":[10.5,0.75,10.125,0.0],"rotation":0,"texture":"#0","tintindex":0}}},{"from":[9.429143,9.143429,6.857714],"to":[11.142286,10.285714,10.285143],"rotation":{"angle":0.0,"axis":"y","origin":[11.142858,-0.57142925,8.0]},"faces":{"south":{"uv":[8.75,11.125,9.125,11.375],"rotation":0,"texture":"#0","tintindex":0},"north":{"uv":[11.125,8.5,11.5,8.75],"rotation":0,"texture":"#0","tintindex":0},"down":{"uv":[6.125,10.125,5.75,10.875],"rotation":0,"texture":"#0","tintindex":0},"east":{"uv":[4.875,10.625,5.625,10.875],"rotation":0,"texture":"#0","tintindex":0},"west":{"uv":[6.125,10.625,6.875,10.875],"rotation":0,"texture":"#0","tintindex":0},"up":{"uv":[4.875,10.875,4.5,10.125],"rotation":0,"texture":"#0","tintindex":0}}},{"from":[7.143429,5.714857,6.857714],"to":[8.856571,8.0,9.142285],"rotation":{"angle":0.0,"axis":"y","origin":[7.714286,-3.4285717,8.0]},"faces":{"south":{"uv":[0.0,10.625,0.375,11.125],"rotation":0,"texture":"#0","tintindex":0},"north":{"uv":[10.25,10.5,10.625,11.0],"rotation":0,"texture":"#0","tintindex":0},"down":{"uv":[11.0,1.5,10.625,2.0],"rotation":0,"texture":"#0","tintindex":0},"east":{"uv":[6.375,8.25,6.875,8.75],"rotation":0,"texture":"#0","tintindex":0},"west":{"uv":[10.125,8.75,10.625,9.25],"rotation":0,"texture":"#0","tintindex":0},"up":{"uv":[0.75,11.125,0.375,10.625],"rotation":0,"texture":"#0","tintindex":0}}},{"from":[6.857143,12.571428,6.857143],"to":[9.142858,15.428572,8.0],"rotation":{"angle":0.0,"axis":"y","origin":[8.0,14.285715,7.428571]},"faces":{"south":{"uv":[10.0,4.625,10.5,5.25],"rotation":0,"texture":"#0","tintindex":0},"north":{"uv":[10.0,4.0,10.5,4.625],"rotation":0,"texture":"#0","tintindex":0},"down":{"uv":[2.25,11.0,1.75,11.25],"rotation":0,"texture":"#0","tintindex":0},"east":{"uv":[10.75,9.125,11.0,9.75],"rotation":0,"texture":"#0","tintindex":0},"west":{"uv":[3.125,10.875,3.375,11.5],"rotation":0,"texture":"#0","tintindex":0},"up":{"uv":[11.25,10.25,10.75,10.0],"rotation":0,"texture":"#0","tintindex":0}}},{"from":[7.428571,12.0,6.857143],"to":[8.571428,12.571428,8.0],"rotation":{"angle":0.0,"axis":"y","origin":[8.0,11.428572,7.428571]},"faces":{"south":{"uv":[8.375,11.25,8.625,11.375],"rotation":0,"texture":"#0","tintindex":0},"north":{"uv":[3.125,10.5,3.375,10.625],"rotation":0,"texture":"#0","tintindex":0},"down":{"uv":[5.875,11.25,5.625,11.5],"rotation":0,"texture":"#0","tintindex":0},"east":{"uv":[11.25,8.125,11.5,8.25],"rotation":0,"texture":"#0","tintindex":0},"west":{"uv":[9.625,11.25,9.875,11.375],"rotation":0,"texture":"#0","tintindex":0},"up":{"uv":[11.5,5.25,11.25,5.0],"rotation":0,"texture":"#0","tintindex":0}}}],"textures":{"0":"modelengine:entity/necros"},"display":{"head":{"translation":[0.0,-6.4,0.0],"scale":[4.0,4.0,4.0]}}}