{"elements":[{"from":[5.429143,8.5720005,6.857714],"to":[10.570857,13.142858,9.142285],"rotation":{"angle":0.0,"axis":"y","origin":[7.714286,2.2857141,8.0]},"faces":{"south":{"uv":[4.0,3.25,5.125,4.25],"rotation":0,"texture":"#0","tintindex":0},"north":{"uv":[2.875,3.5,4.0,4.5],"rotation":0,"texture":"#0","tintindex":0},"down":{"uv":[7.25,3.5,6.125,4.0],"rotation":0,"texture":"#0","tintindex":0},"east":{"uv":[1.75,7.25,2.25,8.25],"rotation":0,"texture":"#0","tintindex":0},"west":{"uv":[2.875,7.5,3.375,8.5],"rotation":0,"texture":"#0","tintindex":0},"up":{"uv":[7.25,3.5,6.125,3.0],"rotation":0,"texture":"#0","tintindex":0}}},{"from":[6.572,5.714857,6.2862854],"to":[9.428,9.142857,9.713715],"rotation":{"angle":0.0,"axis":"y","origin":[7.714286,-1.7142859,8.0]},"faces":{"south":{"uv":[6.125,7.75,6.75,8.5],"rotation":0,"texture":"#0","tintindex":0},"north":{"uv":[7.75,4.375,8.375,5.125],"rotation":0,"texture":"#0","tintindex":0},"down":{"uv":[8.0,7.75,7.375,8.5],"rotation":0,"texture":"#0","tintindex":0},"east":{"uv":[3.125,6.75,3.875,7.5],"rotation":0,"texture":"#0","tintindex":0},"west":{"uv":[3.875,6.75,4.625,7.5],"rotation":0,"texture":"#0","tintindex":0},"up":{"uv":[7.375,8.5,6.75,7.75],"rotation":0,"texture":"#0","tintindex":0}}},{"from":[5.1434283,9.429143,6.572],"to":[10.856571,10.571428,9.428],"rotation":{"angle":0.0,"axis":"y","origin":[7.428571,-0.2857151,8.285714]},"faces":{"south":{"uv":[8.25,0.25,9.5,0.5],"rotation":0,"texture":"#0","tintindex":0},"north":{"uv":[8.25,0.0,9.5,0.25],"rotation":0,"texture":"#0","tintindex":0},"down":{"uv":[2.5,5.5,1.25,6.125],"rotation":0,"texture":"#0","tintindex":0},"east":{"uv":[9.25,1.75,9.875,2.0],"rotation":0,"texture":"#0","tintindex":0},"west":{"uv":[9.25,2.0,9.875,2.25],"rotation":0,"texture":"#0","tintindex":0},"up":{"uv":[1.25,6.125,0.0,5.5],"rotation":0,"texture":"#0","tintindex":0}}},{"from":[5.1434283,11.143429,6.572],"to":[10.856571,12.285715,9.428],"rotation":{"angle":0.0,"axis":"y","origin":[7.428571,1.4285712,8.285714]},"faces":{"south":{"uv":[8.25,0.5,9.5,0.75],"rotation":0,"texture":"#0","tintindex":0},"north":{"uv":[0.5,8.25,1.75,8.5],"rotation":0,"texture":"#0","tintindex":0},"down":{"uv":[3.75,5.75,2.5,6.375],"rotation":0,"texture":"#0","tintindex":0},"east":{"uv":[9.25,2.25,9.875,2.5],"rotation":0,"texture":"#0","tintindex":0},"west":{"uv":[9.25,4.75,9.875,5.0],"rotation":0,"texture":"#0","tintindex":0},"up":{"uv":[6.25,6.125,5.0,5.5],"rotation":0,"texture":"#0","tintindex":0}}}],"textures":{"0":"modelengine:entity/mech"},"display":{"head":{"translation":[0.0,-6.4,0.0],"scale":[4.0,4.0,4.0]}}}