{"format_version":"1.9.0","texture_size":[32,32],"textures":{"0":"nightvision:melee/glitch_blade_2","particle":"nightvision:melee/glitch_blade_2"},"elements":[{"from":[7.3,-6.2,7.30711],"to":[8.7,2.2,8.70711],"rotation":{"angle":45,"axis":"y","origin":[8,-2,8.00711]},"faces":{"north":{"uv":[4,12,4.5,16],"texture":"#0"},"east":{"uv":[4.5,12,5,16],"texture":"#0"},"south":{"uv":[5,12,5.5,16],"texture":"#0"},"west":{"uv":[5.5,12,6,16],"texture":"#0"},"up":{"uv":[14.5,11.5,14,11],"texture":"#0"},"down":{"uv":[12,14,11.5,14.5],"texture":"#0"}}},{"from":[7,-8,7],"to":[9,-6,9],"rotation":{"angle":0,"axis":"y","origin":[7,-14,7]},"faces":{"north":{"uv":[12,11,13,12],"texture":"#0"},"east":{"uv":[12.5,9.5,13.5,10.5],"texture":"#0"},"south":{"uv":[13,11,14,12],"texture":"#0"},"west":{"uv":[13.5,6.5,14.5,7.5],"texture":"#0"},"up":{"uv":[14.5,8.5,13.5,7.5],"texture":"#0"},"down":{"uv":[14.5,8.5,13.5,9.5],"texture":"#0"}}},{"from":[7,2,7],"to":[9,3,9],"rotation":{"angle":0,"axis":"y","origin":[7,-4,7]},"faces":{"north":{"uv":[13,5.5,14,6],"texture":"#0"},"east":{"uv":[6,14,7,14.5],"texture":"#0"},"south":{"uv":[7,14,8,14.5],"texture":"#0"},"west":{"uv":[8,14,9,14.5],"texture":"#0"},"up":{"uv":[14.5,10.5,13.5,9.5],"texture":"#0"},"down":{"uv":[14.5,12,13.5,13],"texture":"#0"}}},{"from":[7,3,5],"to":[9,4,11],"rotation":{"angle":0,"axis":"y","origin":[7,-4,7]},"faces":{"north":{"uv":[9,14,10,14.5],"texture":"#0"},"east":{"uv":[10.5,12,13.5,12.5],"texture":"#0"},"south":{"uv":[10.5,14,11.5,14.5],"texture":"#0"},"west":{"uv":[12,10.5,15,11],"texture":"#0"},"up":{"uv":[4,15,3,12],"texture":"#0"},"down":{"uv":[13,3,12,6],"texture":"#0"}}},{"from":[7,3.9,3.5],"to":[9,6.9,5.5],"rotation":{"angle":0,"axis":"y","origin":[7,-3.1,1.5]},"faces":{"north":{"uv":[6,12.5,7,14],"texture":"#0"},"east":{"uv":[12.5,6.5,13.5,8],"texture":"#0"},"south":{"uv":[7,12.5,8,14],"texture":"#0"},"west":{"uv":[8,12.5,9,14],"texture":"#0"},"up":{"uv":[14.5,14,13.5,13],"texture":"#0"},"down":{"uv":[15,3,14,4],"texture":"#0"}}},{"from":[7,3.9,10.5],"to":[9,6.9,12.5],"rotation":{"angle":0,"axis":"y","origin":[7,-3.1,8.5]},"faces":{"north":{"uv":[12.5,8,13.5,9.5],"texture":"#0"},"east":{"uv":[9,12.5,10,14],"texture":"#0"},"south":{"uv":[10.5,12.5,11.5,14],"texture":"#0"},"west":{"uv":[11.5,12.5,12.5,14],"texture":"#0"},"up":{"uv":[15,5,14,4],"texture":"#0"},"down":{"uv":[15,5,14,6],"texture":"#0"}}},{"from":[8,2.9,2],"to":[8,26.9,14],"rotation":{"angle":0,"axis":"y","origin":[7,-4.1,7]},"faces":{"north":{"uv":[0,0,0,12],"texture":"#0"},"east":{"uv":[0,0,6,12],"texture":"#0"},"south":{"uv":[0,0,0,12],"texture":"#0"},"west":{"uv":[6,0,12,12],"texture":"#0"},"up":{"uv":[0,6,0,0],"texture":"#0"},"down":{"uv":[0,0,0,6],"texture":"#0"}}},{"from":[8,24,5],"to":[8,30,11],"rotation":{"angle":-45,"axis":"x","origin":[8,27,8]},"faces":{"north":{"uv":[0,0,0,3],"texture":"#0"},"east":{"uv":[0,12,3,15],"texture":"#0"},"south":{"uv":[0,0,0,3],"texture":"#0"},"west":{"uv":[12,0,15,3],"texture":"#0"},"up":{"uv":[0,0,0,3],"texture":"#0"},"down":{"uv":[0,0,0,3],"texture":"#0"}}},{"from":[7.5,4,4],"to":[8.5,5,12],"rotation":{"angle":0,"axis":"y","origin":[7.5,-3,7]},"faces":{"north":{"uv":[14,11.5,14.5,12],"texture":"#0"},"east":{"uv":[6,12,10,12.5],"texture":"#0"},"south":{"uv":[12,14,12.5,14.5],"texture":"#0"},"west":{"uv":[12,6,16,6.5],"texture":"#0"},"up":{"uv":[12.5,10.5,12,6.5],"texture":"#0"},"down":{"uv":[10.5,12,10,16],"texture":"#0"}}},{"from":[7.5,5,7.5],"to":[8.5,10,8.5],"rotation":{"angle":0,"axis":"y","origin":[7.5,-3,5.5]},"faces":{"north":{"uv":[12.5,12.5,13,15],"texture":"#0"},"east":{"uv":[13,3,13.5,5.5],"texture":"#0"},"south":{"uv":[13,12.5,13.5,15],"texture":"#0"},"west":{"uv":[13.5,3,14,5.5],"texture":"#0"},"up":{"uv":[14,14.5,13.5,14],"texture":"#0"},"down":{"uv":[14.5,14,14,14.5],"texture":"#0"}}}],"gui_light":"front","display":{"thirdperson_righthand":{"translation":[0,5.75,1.5],"scale":[0.8,0.8,0.8]},"thirdperson_lefthand":{"translation":[0,5.75,1.5],"scale":[0.8,0.8,0.8]},"firstperson_righthand":{"rotation":[0,0,-8],"translation":[0.5,3.5,1.25],"scale":[0.64,0.64,0.64]},"firstperson_lefthand":{"rotation":[0,0,-8],"translation":[0.5,3.5,1.25],"scale":[0.64,0.64,0.64]},"ground":{"rotation":[0,0,90],"translation":[0,2.25,0],"scale":[0.5,0.5,0.5]},"gui":{"rotation":[90,45,-90],"translation":[-1,-1.25,0],"scale":[0.64,0.64,0.64]},"fixed":{"rotation":[0,90,0],"translation":[0,0,-1]}}}