{"format_version":"1.9.0","credit":"Made with Blockbench","texture_size":[64,64],"textures":{"1":"nightvision:melee/sinhro_katana"},"elements":[{"from":[7.00251,-5,7.00104],"to":[9.00251,3,9.00104],"rotation":{"angle":-45,"axis":"y","origin":[8,6,8.00355]},"faces":{"north":{"uv":[3.5,3.5,4,5.5],"texture":"#1"},"east":{"uv":[4,3.5,4.5,5.5],"texture":"#1"},"south":{"uv":[4.5,3.5,5,5.5],"texture":"#1"},"west":{"uv":[5,3.5,5.5,5.5],"texture":"#1"},"up":{"uv":[6.75,5,6.25,4.5],"texture":"#1"},"down":{"uv":[6.75,5,6.25,5.5],"texture":"#1"}}},{"from":[7.49749,-6,7.50607],"to":[8.49749,-5,8.50607],"rotation":{"angle":-45,"axis":"y","origin":[8,6,8.00355]},"faces":{"north":{"uv":[7,2.25,7.25,2.5],"texture":"#1"},"east":{"uv":[7,3.75,7.25,4],"texture":"#1"},"south":{"uv":[7,5,7.25,5.25],"texture":"#1"},"west":{"uv":[5.25,7,5.5,7.25],"texture":"#1"},"up":{"uv":[7.25,5.5,7,5.25],"texture":"#1"},"down":{"uv":[5.75,7,5.5,7.25],"texture":"#1"}}},{"from":[7.49749,7.5,7.50607],"to":[8.49749,8.5,8.50607],"rotation":{"angle":-45,"axis":"y","origin":[8,19.5,8.00355]},"faces":{"north":{"uv":[7,5.5,7.25,5.75],"texture":"#1"},"east":{"uv":[5.75,7,6,7.25],"texture":"#1"},"south":{"uv":[7,5.75,7.25,6],"texture":"#1"},"west":{"uv":[6,7,6.25,7.25],"texture":"#1"},"up":{"uv":[7.25,6.25,7,6],"texture":"#1"},"down":{"uv":[6.5,7,6.25,7.25],"texture":"#1"}}},{"from":[6.49749,-7,6.50607],"to":[9.49749,-6,9.50607],"rotation":{"angle":-45,"axis":"y","origin":[8,6,8.00355]},"faces":{"north":{"uv":[6.75,2.5,7.5,2.75],"texture":"#1"},"east":{"uv":[6.75,2.75,7.5,3],"texture":"#1"},"south":{"uv":[6.75,4.5,7.5,4.75],"texture":"#1"},"west":{"uv":[6.75,4.75,7.5,5],"texture":"#1"},"up":{"uv":[4.25,6.25,3.5,5.5],"texture":"#1"},"down":{"uv":[6.25,4,5.5,4.75],"texture":"#1"}}},{"from":[7.00355,3,6.00355],"to":[9.00355,5,10.00355],"rotation":{"angle":0,"axis":"y","origin":[8,6,8.00355]},"faces":{"north":{"uv":[6.5,3,7,3.5],"texture":"#1"},"east":{"uv":[5,5.5,6,6],"texture":"#1"},"south":{"uv":[6.5,3.5,7,4],"texture":"#1"},"west":{"uv":[5,6,6,6.5],"texture":"#1"},"up":{"uv":[6.5,6.5,6,5.5],"texture":"#1"},"down":{"uv":[4,6.25,3.5,7.25],"texture":"#1"}}},{"from":[7.50355,6,6.00355],"to":[8.50355,10,10.00355],"rotation":{"angle":0,"axis":"y","origin":[8.5,9,8.00355]},"faces":{"north":{"uv":[1.5,6.75,1.75,7.75],"texture":"#1"},"east":{"uv":[5.5,0,6.5,1],"texture":"#1"},"south":{"uv":[6.75,1.5,7,2.5],"texture":"#1"},"west":{"uv":[5.5,1,6.5,2],"texture":"#1"},"up":{"uv":[2,7.75,1.75,6.75],"texture":"#1"},"down":{"uv":[2.25,6.75,2,7.75],"texture":"#1"}}},{"from":[7.50355,5,4.00355],"to":[8.50355,12,12.00355],"rotation":{"angle":0,"axis":"y","origin":[8.5,9,8.00355]},"faces":{"north":{"uv":[4.5,6.25,4.75,8],"texture":"#1"},"east":{"uv":[3.5,0,5.5,1.75],"texture":"#1"},"south":{"uv":[4.75,6.25,5,8],"texture":"#1"},"west":{"uv":[3.5,1.75,5.5,3.5],"texture":"#1"},"up":{"uv":[4.25,8.25,4,6.25],"texture":"#1"},"down":{"uv":[4.5,6.25,4.25,8.25],"texture":"#1"}}},{"name":"cube inverted","from":[8.50355,12,12.00355],"to":[7.50355,5,4.00355],"rotation":{"angle":0,"axis":"y","origin":[8.5,9,8.00355]},"faces":{"north":{"uv":[4.75,8,5,6.25],"texture":"#1"},"east":{"uv":[3.5,3.5,5.5,1.75],"texture":"#1"},"south":{"uv":[4.5,8,4.75,6.25],"texture":"#1"},"west":{"uv":[3.5,1.75,5.5,0],"texture":"#1"},"up":{"uv":[4.25,6.25,4.5,8.25],"texture":"#1"},"down":{"uv":[4,8.25,4.25,6.25],"texture":"#1"}}},{"from":[7.50355,13,6.00355],"to":[8.50355,17,10.00355],"rotation":{"angle":0,"axis":"y","origin":[8.5,16,8.00355]},"faces":{"north":{"uv":[2.25,6.75,2.5,7.75],"texture":"#1"},"east":{"uv":[5.5,2,6.5,3],"texture":"#1"},"south":{"uv":[2.5,6.75,2.75,7.75],"texture":"#1"},"west":{"uv":[5.5,3,6.5,4],"texture":"#1"},"up":{"uv":[3,7.75,2.75,6.75],"texture":"#1"},"down":{"uv":[3.25,6.75,3,7.75],"texture":"#1"}}},{"name":"cube inverted","from":[8.50355,17,10.00355],"to":[7.50355,13,6.00355],"rotation":{"angle":0,"axis":"y","origin":[8.5,16,8.00355]},"faces":{"north":{"uv":[2.5,7.75,2.75,6.75],"texture":"#1"},"east":{"uv":[5.5,4,6.5,3],"texture":"#1"},"south":{"uv":[2.25,7.75,2.5,6.75],"texture":"#1"},"west":{"uv":[5.5,3,6.5,2],"texture":"#1"},"up":{"uv":[3,6.75,3.25,7.75],"texture":"#1"},"down":{"uv":[2.75,7.75,3,6.75],"texture":"#1"}}},{"from":[7.50355,18,6.50355],"to":[8.50355,21,9.50355],"rotation":{"angle":0,"axis":"y","origin":[8.5,21,7.50355]},"faces":{"north":{"uv":[3.25,6.75,3.5,7.5],"texture":"#1"},"east":{"uv":[4.25,5.5,5,6.25],"texture":"#1"},"south":{"uv":[7,1.5,7.25,2.25],"texture":"#1"},"west":{"uv":[5.5,4.75,6.25,5.5],"texture":"#1"},"up":{"uv":[7.25,3.75,7,3],"texture":"#1"},"down":{"uv":[5.25,7,5,7.75],"texture":"#1"}}},{"from":[8,5,4.75],"to":[8,32,11.75],"rotation":{"angle":0,"axis":"y","origin":[8,6,8.00355]},"faces":{"north":{"uv":[0,0,0,6.75],"texture":"#1"},"east":{"uv":[0,0,1.75,6.75],"texture":"#1"},"south":{"uv":[0,0,0,6.75],"texture":"#1"},"west":{"uv":[1.75,0,3.5,6.75],"texture":"#1"},"up":{"uv":[0,1.75,0,0],"texture":"#1"},"down":{"uv":[0,0,0,1.75],"texture":"#1"}}},{"from":[7.00355,2.5,3.00355],"to":[9.00355,4.5,5.00355],"rotation":{"angle":0,"axis":"y","origin":[8,5.5,8.00355]},"faces":{"north":{"uv":[5,6.5,5.5,7],"texture":"#1"},"east":{"uv":[5.5,6.5,6,7],"texture":"#1"},"south":{"uv":[6.5,5.5,7,6],"texture":"#1"},"west":{"uv":[6,6.5,6.5,7],"texture":"#1"},"up":{"uv":[7,6.5,6.5,6],"texture":"#1"},"down":{"uv":[7,6.5,6.5,7],"texture":"#1"}}},{"from":[7.00355,2.5,11.00355],"to":[9.00355,4.5,13.00355],"rotation":{"angle":0,"axis":"y","origin":[8,5.5,8.00355]},"faces":{"north":{"uv":[0,6.75,0.5,7.25],"texture":"#1"},"east":{"uv":[6.75,0,7.25,0.5],"texture":"#1"},"south":{"uv":[0.5,6.75,1,7.25],"texture":"#1"},"west":{"uv":[6.75,0.5,7.25,1],"texture":"#1"},"up":{"uv":[1.5,7.25,1,6.75],"texture":"#1"},"down":{"uv":[7.25,1,6.75,1.5],"texture":"#1"}}},{"from":[7.50355,3.5,5.00355],"to":[8.50355,4.5,11.00355],"rotation":{"angle":0,"axis":"y","origin":[8,6,8.00355]},"faces":{"north":{"uv":[6.75,5,7,5.25],"texture":"#1"},"east":{"uv":[6.25,4,7.75,4.25],"texture":"#1"},"south":{"uv":[6.75,5.25,7,5.5],"texture":"#1"},"west":{"uv":[6.25,4.25,7.75,4.5],"texture":"#1"},"up":{"uv":[6.75,1.5,6.5,0],"texture":"#1"},"down":{"uv":[6.75,1.5,6.5,3],"texture":"#1"}}}],"gui_light":"front","display":{"thirdperson_righthand":{"translation":[0,5.5,1.5],"scale":[0.8,0.8,0.8]},"thirdperson_lefthand":{"translation":[0,5.5,1.5],"scale":[0.8,0.8,0.8]},"firstperson_righthand":{"rotation":[0,0,-10.75],"translation":[1.5,2.5,0],"scale":[0.64,0.64,0.64]},"firstperson_lefthand":{"rotation":[0,0,-10.75],"translation":[1.5,2.5,0],"scale":[0.64,0.64,0.64]},"ground":{"rotation":[0,0,-90],"translation":[-2.25,0,0],"scale":[0.51,0.51,0.51]},"gui":{"rotation":[90,45,-90],"translation":[-1.75,-1.5,0],"scale":[0.72,0.72,0.72]},"fixed":{"rotation":[0,-90,0],"translation":[0,-2,-0.25]}}}