{"elements":[{"from":[4.857714,8.5720005,6.2862854],"to":[11.142286,13.142858,9.713715],"rotation":{"angle":0.0,"axis":"y","origin":[7.714286,1.7142854,8.0]},"faces":{"south":{"uv":[1.375,1.0,2.75,2.0],"rotation":0,"texture":"#0","tintindex":0},"north":{"uv":[1.375,0.0,2.75,1.0],"rotation":0,"texture":"#0","tintindex":0},"down":{"uv":[4.125,0.75,2.75,1.5],"rotation":0,"texture":"#0","tintindex":0},"east":{"uv":[5.0,4.0,5.75,5.0],"rotation":0,"texture":"#0","tintindex":0},"west":{"uv":[4.5,5.0,5.25,6.0],"rotation":0,"texture":"#0","tintindex":0},"up":{"uv":[4.125,0.75,2.75,0.0],"rotation":0,"texture":"#0","tintindex":0}}},{"from":[4.714286,8.428572,6.142857],"to":[11.285714,13.286286,9.857143],"rotation":{"angle":0.0,"axis":"y","origin":[7.714286,1.7142854,8.0]},"faces":{"south":{"uv":[0.0,2.75,1.375,3.75],"rotation":0,"texture":"#0","tintindex":0},"north":{"uv":[1.375,2.0,2.75,3.0],"rotation":0,"texture":"#0","tintindex":0},"down":{"uv":[4.125,2.25,2.75,3.0],"rotation":0,"texture":"#0","tintindex":0},"east":{"uv":[5.125,0.0,5.875,1.0],"rotation":0,"texture":"#0","tintindex":0},"west":{"uv":[5.125,1.0,5.875,2.0],"rotation":0,"texture":"#0","tintindex":0},"up":{"uv":[4.125,2.25,2.75,1.5],"rotation":0,"texture":"#0","tintindex":0}}}],"textures":{"0":"modelengine:entity/omega"},"display":{"head":{"translation":[0.0,-6.4,0.0],"scale":[4.0,4.0,4.0]}}}