{"elements":[{"from":[5.142857,7.428571,7.428571],"to":[5.714286,8.571428,8.571428],"rotation":{"angle":0.0,"axis":"y","origin":[8.0,8.0,8.0]},"faces":{"south":{"uv":[0.75,4.75,0.875,5.0],"rotation":0,"texture":"#0","tintindex":0},"north":{"uv":[1.25,3.75,1.375,4.0],"rotation":0,"texture":"#0","tintindex":0},"down":{"uv":[5.25,2.75,5.125,3.0],"rotation":0,"texture":"#0","tintindex":0},"east":{"uv":[1.0,3.75,1.25,4.0],"rotation":0,"texture":"#0","tintindex":0},"west":{"uv":[0.0,4.75,0.25,5.0],"rotation":0,"texture":"#0","tintindex":0},"up":{"uv":[1.0,5.0,0.875,4.75],"rotation":0,"texture":"#0","tintindex":0}}},{"from":[5.3142858,6.857143,7.714286],"to":[5.885714,9.142858,8.285714],"rotation":{"angle":0.0,"axis":"y","origin":[8.171429,8.0,8.285714]},"faces":{"south":{"uv":[5.625,6.375,5.75,6.875],"rotation":0,"texture":"#0","tintindex":0},"north":{"uv":[1.0,6.375,1.125,6.875],"rotation":0,"texture":"#0","tintindex":0},"down":{"uv":[5.625,3.875,5.5,4.0],"rotation":0,"texture":"#0","tintindex":0},"east":{"uv":[6.375,2.875,6.5,3.375],"rotation":0,"texture":"#0","tintindex":0},"west":{"uv":[6.5,2.875,6.625,3.375],"rotation":0,"texture":"#0","tintindex":0},"up":{"uv":[5.5,4.0,5.375,3.875],"rotation":0,"texture":"#0","tintindex":0}}},{"from":[5.3142858,7.714286,6.857143],"to":[5.885714,8.285714,9.142858],"rotation":{"angle":0.0,"axis":"y","origin":[5.6,8.0,8.0]},"faces":{"south":{"uv":[7.125,5.25,7.25,5.75],"rotation":0,"texture":"#0","tintindex":0},"north":{"uv":[6.625,2.875,6.75,3.375],"rotation":0,"texture":"#0","tintindex":0},"down":{"uv":[6.0,3.25,5.875,3.375],"rotation":0,"texture":"#0","tintindex":0},"east":{"uv":[6.625,6.875,6.75,7.375],"rotation":0,"texture":"#0","tintindex":0},"west":{"uv":[5.5,7.25,5.625,7.75],"rotation":0,"texture":"#0","tintindex":0},"up":{"uv":[5.75,4.0,5.625,3.875],"rotation":0,"texture":"#0","tintindex":0}}},{"from":[5.3142858,6.857143,7.714286],"to":[5.885714,9.142858,8.285714],"rotation":{"angle":-45.0,"axis":"x","origin":[5.6,8.0,8.0]},"faces":{"south":{"uv":[3.25,8.625,3.375,9.125],"rotation":0,"texture":"#0","tintindex":0},"north":{"uv":[6.5,7.75,6.625,8.25],"rotation":0,"texture":"#0","tintindex":0},"down":{"uv":[4.375,5.875,4.25,6.0],"rotation":0,"texture":"#0","tintindex":0},"east":{"uv":[7.0,8.5,7.125,9.0],"rotation":0,"texture":"#0","tintindex":0},"west":{"uv":[8.625,3.25,8.75,3.75],"rotation":0,"texture":"#0","tintindex":0},"up":{"uv":[4.25,6.0,4.125,5.875],"rotation":0,"texture":"#0","tintindex":0}}},{"from":[5.3142858,6.857143,7.714286],"to":[5.885714,9.142858,8.285714],"rotation":{"angle":45.0,"axis":"x","origin":[5.6,8.0,8.0]},"faces":{"south":{"uv":[4.125,8.625,4.25,9.125],"rotation":0,"texture":"#0","tintindex":0},"north":{"uv":[3.375,8.625,3.5,9.125],"rotation":0,"texture":"#0","tintindex":0},"down":{"uv":[6.125,3.25,6.0,3.375],"rotation":0,"texture":"#0","tintindex":0},"east":{"uv":[4.0,8.625,4.125,9.125],"rotation":0,"texture":"#0","tintindex":0},"west":{"uv":[4.25,8.625,4.375,9.125],"rotation":0,"texture":"#0","tintindex":0},"up":{"uv":[4.5,6.0,4.375,5.875],"rotation":0,"texture":"#0","tintindex":0}}}],"textures":{"0":"modelengine:entity/omega"},"display":{"head":{"translation":[0.0,-6.4,0.0],"scale":[4.0,4.0,4.0]}}}