{"elements":[{"from":[10.285714,7.428571,7.428571],"to":[10.857143,8.571428,8.571428],"rotation":{"angle":0.0,"axis":"y","origin":[8.0,8.0,8.0]},"faces":{"south":{"uv":[5.875,3.0,6.0,3.25],"rotation":0,"texture":"#0","tintindex":0},"north":{"uv":[5.25,2.75,5.375,3.0],"rotation":0,"texture":"#0","tintindex":0},"down":{"uv":[5.25,6.0,5.125,6.25],"rotation":0,"texture":"#0","tintindex":0},"east":{"uv":[0.25,4.75,0.5,5.0],"rotation":0,"texture":"#0","tintindex":0},"west":{"uv":[0.5,4.75,0.75,5.0],"rotation":0,"texture":"#0","tintindex":0},"up":{"uv":[6.125,3.25,6.0,3.0],"rotation":0,"texture":"#0","tintindex":0}}},{"from":[10.114286,6.857143,7.714286],"to":[10.685715,9.142858,8.285714],"rotation":{"angle":0.0,"axis":"y","origin":[7.8285713,8.0,8.285714]},"faces":{"south":{"uv":[4.625,8.625,4.75,9.125],"rotation":0,"texture":"#0","tintindex":0},"north":{"uv":[4.375,8.625,4.5,9.125],"rotation":0,"texture":"#0","tintindex":0},"down":{"uv":[6.25,3.125,6.125,3.25],"rotation":0,"texture":"#0","tintindex":0},"east":{"uv":[4.5,8.625,4.625,9.125],"rotation":0,"texture":"#0","tintindex":0},"west":{"uv":[4.75,8.625,4.875,9.125],"rotation":0,"texture":"#0","tintindex":0},"up":{"uv":[6.25,3.125,6.125,3.0],"rotation":0,"texture":"#0","tintindex":0}}},{"from":[10.114286,7.714286,6.857143],"to":[10.685715,8.285714,9.142858],"rotation":{"angle":0.0,"axis":"y","origin":[10.4,8.0,8.0]},"faces":{"south":{"uv":[5.125,8.625,5.25,9.125],"rotation":0,"texture":"#0","tintindex":0},"north":{"uv":[4.875,8.625,5.0,9.125],"rotation":0,"texture":"#0","tintindex":0},"down":{"uv":[6.375,3.0,6.25,3.125],"rotation":0,"texture":"#0","tintindex":0},"east":{"uv":[5.0,8.625,5.125,9.125],"rotation":0,"texture":"#0","tintindex":0},"west":{"uv":[5.25,8.625,5.375,9.125],"rotation":0,"texture":"#0","tintindex":0},"up":{"uv":[6.25,3.375,6.125,3.25],"rotation":0,"texture":"#0","tintindex":0}}},{"from":[10.114286,6.857143,7.714286],"to":[10.685715,9.142858,8.285714],"rotation":{"angle":-45.0,"axis":"x","origin":[10.4,8.0,8.0]},"faces":{"south":{"uv":[7.25,8.625,7.375,9.125],"rotation":0,"texture":"#0","tintindex":0},"north":{"uv":[5.375,8.625,5.5,9.125],"rotation":0,"texture":"#0","tintindex":0},"down":{"uv":[6.375,3.25,6.25,3.375],"rotation":0,"texture":"#0","tintindex":0},"east":{"uv":[7.125,8.625,7.25,9.125],"rotation":0,"texture":"#0","tintindex":0},"west":{"uv":[7.375,8.625,7.5,9.125],"rotation":0,"texture":"#0","tintindex":0},"up":{"uv":[6.375,3.25,6.25,3.125],"rotation":0,"texture":"#0","tintindex":0}}},{"from":[10.114286,6.857143,7.714286],"to":[10.685715,9.142858,8.285714],"rotation":{"angle":45.0,"axis":"x","origin":[10.4,8.0,8.0]},"faces":{"south":{"uv":[8.625,8.625,8.75,9.125],"rotation":0,"texture":"#0","tintindex":0},"north":{"uv":[7.5,8.625,7.625,9.125],"rotation":0,"texture":"#0","tintindex":0},"down":{"uv":[6.875,3.5,6.75,3.625],"rotation":0,"texture":"#0","tintindex":0},"east":{"uv":[8.625,8.125,8.75,8.625],"rotation":0,"texture":"#0","tintindex":0},"west":{"uv":[0.0,8.75,0.125,9.25],"rotation":0,"texture":"#0","tintindex":0},"up":{"uv":[5.25,6.375,5.125,6.25],"rotation":0,"texture":"#0","tintindex":0}}}],"textures":{"0":"modelengine:entity/omega"},"display":{"head":{"translation":[0.0,-6.4,0.0],"scale":[4.0,4.0,4.0]}}}