{"elements":[{"from":[5.714286,8.0,5.714286],"to":[10.285714,12.571428,10.285714],"rotation":{"angle":0.0,"axis":"y","origin":[8.0,-5.714287,8.0]},"faces":{"south":{"uv":[3.375,3.0,4.375,4.0],"rotation":0,"texture":"#0","tintindex":0},"north":{"uv":[1.375,3.0,2.375,4.0],"rotation":0,"texture":"#0","tintindex":0},"down":{"uv":[3.0,4.0,2.0,5.0],"rotation":0,"texture":"#0","tintindex":0},"east":{"uv":[2.375,3.0,3.375,4.0],"rotation":0,"texture":"#0","tintindex":0},"west":{"uv":[0.0,3.75,1.0,4.75],"rotation":0,"texture":"#0","tintindex":0},"up":{"uv":[2.0,5.0,1.0,4.0],"rotation":0,"texture":"#0","tintindex":0}}},{"from":[5.5714283,7.857143,5.5714283],"to":[10.428572,12.714286,10.428572],"rotation":{"angle":0.0,"axis":"y","origin":[8.0,-5.714287,8.0]},"faces":{"south":{"uv":[4.125,0.0,5.125,1.0],"rotation":0,"texture":"#0","tintindex":0},"north":{"uv":[3.0,4.0,4.0,5.0],"rotation":0,"texture":"#0","tintindex":0},"down":{"uv":[5.375,3.0,4.375,4.0],"rotation":0,"texture":"#0","tintindex":0},"east":{"uv":[4.0,4.0,5.0,5.0],"rotation":0,"texture":"#0","tintindex":0},"west":{"uv":[4.125,1.0,5.125,2.0],"rotation":0,"texture":"#0","tintindex":0},"up":{"uv":[5.125,3.0,4.125,2.0],"rotation":0,"texture":"#0","tintindex":0}}}],"textures":{"0":"modelengine:entity/omega"},"display":{"head":{"translation":[0.0,-6.4,0.0],"scale":[4.0,4.0,4.0]}}}