{"elements":[{"from":[5.6862855,3.4291425,8.000571],"to":[7.9422855,8.0,10.285143],"rotation":{"angle":0.0,"axis":"y","origin":[7.9428573,4.0,9.142858]},"faces":{"south":{"uv":[1.125,5.875,1.625,6.875],"rotation":0,"texture":"#0","tintindex":0},"north":{"uv":[5.875,0.0,6.375,1.0],"rotation":0,"texture":"#0","tintindex":0},"down":{"uv":[4.0,8.5,3.5,9.0],"rotation":0,"texture":"#0","tintindex":0},"east":{"uv":[5.875,1.0,6.375,2.0],"rotation":0,"texture":"#0","tintindex":0},"west":{"uv":[1.625,5.875,2.125,6.875],"rotation":0,"texture":"#0","tintindex":0},"up":{"uv":[8.375,4.625,8.875,5.125],"rotation":0,"texture":"#0","tintindex":0}}},{"from":[5.5714283,3.2857141,7.857143],"to":[8.142858,8.142858,10.428572],"rotation":{"angle":0.0,"axis":"y","origin":[7.9428573,4.0,9.142858]},"faces":{"south":{"uv":[2.625,5.875,3.125,6.875],"rotation":0,"texture":"#0","tintindex":0},"north":{"uv":[5.875,2.0,6.375,3.0],"rotation":0,"texture":"#0","tintindex":0},"down":{"uv":[6.0,8.5,5.5,9.0],"rotation":0,"texture":"#0","tintindex":0},"east":{"uv":[2.125,5.875,2.625,6.875],"rotation":0,"texture":"#0","tintindex":0},"west":{"uv":[3.125,5.875,3.625,6.875],"rotation":0,"texture":"#0","tintindex":0},"up":{"uv":[8.5,2.75,9.0,3.25],"rotation":0,"texture":"#0","tintindex":0}}}],"textures":{"0":"modelengine:entity/omega"},"display":{"head":{"translation":[0.0,-6.4,0.0],"scale":[4.0,4.0,4.0]}}}