{"elements":[{"from":[8.000571,4.0005713,5.714857],"to":[10.285143,8.0,7.9994287],"rotation":{"angle":0.0,"axis":"y","origin":[5.714286,-2.285715,6.857143]},"faces":{"south":{"uv":[6.625,7.625,7.125,8.5],"rotation":0,"texture":"#0","tintindex":0},"north":{"uv":[7.625,1.75,8.125,2.625],"rotation":0,"texture":"#0","tintindex":0},"down":{"uv":[8.625,8.25,8.125,8.75],"rotation":0,"texture":"#0","tintindex":0},"east":{"uv":[7.625,3.5,8.125,4.375],"rotation":0,"texture":"#0","tintindex":0},"west":{"uv":[1.0,7.75,1.5,8.625],"rotation":0,"texture":"#0","tintindex":0},"up":{"uv":[8.25,7.125,8.75,7.625],"rotation":0,"texture":"#0","tintindex":0}}},{"from":[7.857143,3.8571424,5.5714283],"to":[10.428572,8.142858,8.142858],"rotation":{"angle":0.0,"axis":"y","origin":[5.714286,-2.285715,6.857143]},"faces":{"south":{"uv":[2.5,7.75,3.0,8.625],"rotation":0,"texture":"#0","tintindex":0},"north":{"uv":[1.5,7.75,2.0,8.625],"rotation":0,"texture":"#0","tintindex":0},"down":{"uv":[8.875,0.0,8.375,0.5],"rotation":0,"texture":"#0","tintindex":0},"east":{"uv":[2.0,7.75,2.5,8.625],"rotation":0,"texture":"#0","tintindex":0},"west":{"uv":[3.0,7.75,3.5,8.625],"rotation":0,"texture":"#0","tintindex":0},"up":{"uv":[8.25,7.625,8.75,8.125],"rotation":0,"texture":"#0","tintindex":0}}}],"textures":{"0":"modelengine:entity/omega"},"display":{"head":{"translation":[0.0,-6.4,0.0],"scale":[4.0,4.0,4.0]}}}