{"elements":[{"from":[8.057714,3.4291425,8.000571],"to":[10.313715,8.0,10.285143],"rotation":{"angle":0.0,"axis":"y","origin":[8.057143,4.0,9.142858]},"faces":{"south":{"uv":[4.125,6.0,4.625,7.0],"rotation":0,"texture":"#0","tintindex":0},"north":{"uv":[3.625,5.875,4.125,6.875],"rotation":0,"texture":"#0","tintindex":0},"down":{"uv":[9.125,1.0,8.625,1.5],"rotation":0,"texture":"#0","tintindex":0},"east":{"uv":[5.75,5.875,6.25,6.875],"rotation":0,"texture":"#0","tintindex":0},"west":{"uv":[4.625,6.0,5.125,7.0],"rotation":0,"texture":"#0","tintindex":0},"up":{"uv":[6.5,8.5,7.0,9.0],"rotation":0,"texture":"#0","tintindex":0}}},{"from":[7.857143,3.2857141,7.857143],"to":[10.428572,8.142858,10.428572],"rotation":{"angle":0.0,"axis":"y","origin":[8.057143,4.0,9.142858]},"faces":{"south":{"uv":[6.375,0.0,6.875,1.0],"rotation":0,"texture":"#0","tintindex":0},"north":{"uv":[6.25,5.875,6.75,6.875],"rotation":0,"texture":"#0","tintindex":0},"down":{"uv":[2.0,8.625,1.5,9.125],"rotation":0,"texture":"#0","tintindex":0},"east":{"uv":[0.0,6.375,0.5,7.375],"rotation":0,"texture":"#0","tintindex":0},"west":{"uv":[0.5,6.375,1.0,7.375],"rotation":0,"texture":"#0","tintindex":0},"up":{"uv":[1.0,8.625,1.5,9.125],"rotation":0,"texture":"#0","tintindex":0}}}],"textures":{"0":"modelengine:entity/omega"},"display":{"head":{"translation":[0.0,-6.4,0.0],"scale":[4.0,4.0,4.0]}}}