{"elements":[{"from":[8.057143,4.5714283,6.857143],"to":[10.314286,8.0,9.142858],"rotation":{"angle":0.0,"axis":"y","origin":[8.057143,1.1428566,8.0]},"faces":{"south":{"uv":[4.5,7.875,5.0,8.625],"rotation":0,"texture":"#0","tintindex":0},"north":{"uv":[4.0,7.875,4.5,8.625],"rotation":0,"texture":"#0","tintindex":0},"down":{"uv":[7.0,8.5,6.5,9.0],"rotation":0,"texture":"#0","tintindex":0},"east":{"uv":[7.875,4.375,8.375,5.125],"rotation":0,"texture":"#0","tintindex":0},"west":{"uv":[7.125,7.875,7.625,8.625],"rotation":0,"texture":"#0","tintindex":0},"up":{"uv":[6.5,9.0,6.0,8.5],"rotation":0,"texture":"#0","tintindex":0}}},{"from":[7.857143,4.428571,6.714286],"to":[10.428572,8.142858,9.285714],"rotation":{"angle":0.0,"axis":"y","origin":[8.057143,1.1428566,8.0]},"faces":{"south":{"uv":[8.125,1.5,8.625,2.25],"rotation":0,"texture":"#0","tintindex":0},"north":{"uv":[8.0,2.625,8.5,3.375],"rotation":0,"texture":"#0","tintindex":0},"down":{"uv":[1.5,8.625,1.0,9.125],"rotation":0,"texture":"#0","tintindex":0},"east":{"uv":[8.125,0.75,8.625,1.5],"rotation":0,"texture":"#0","tintindex":0},"west":{"uv":[8.125,3.375,8.625,4.125],"rotation":0,"texture":"#0","tintindex":0},"up":{"uv":[9.125,1.0,8.625,0.5],"rotation":0,"texture":"#0","tintindex":0}}}],"textures":{"0":"modelengine:entity/omega"},"display":{"head":{"translation":[0.0,-6.4,0.0],"scale":[4.0,4.0,4.0]}}}