{"elements":[{"from":[8.0,5.142857,6.857143],"to":[10.285714,9.142858,9.142858],"rotation":{"angle":0.0,"axis":"y","origin":[5.714286,-4.5714293,8.0]},"faces":{"south":{"uv":[0.0,7.375,0.5,8.25],"rotation":0,"texture":"#0","tintindex":0},"north":{"uv":[7.25,6.125,7.75,7.0],"rotation":0,"texture":"#0","tintindex":0},"down":{"uv":[8.75,7.125,8.25,7.625],"rotation":0,"texture":"#0","tintindex":0},"east":{"uv":[7.25,7.0,7.75,7.875],"rotation":0,"texture":"#0","tintindex":0},"west":{"uv":[7.375,0.0,7.875,0.875],"rotation":0,"texture":"#0","tintindex":0},"up":{"uv":[8.75,7.125,8.25,6.625],"rotation":0,"texture":"#0","tintindex":0}}},{"from":[7.857143,5.0,6.714286],"to":[10.428572,9.285714,9.285714],"rotation":{"angle":0.0,"axis":"y","origin":[5.714286,-4.5714293,8.0]},"faces":{"south":{"uv":[7.5,2.625,8.0,3.5],"rotation":0,"texture":"#0","tintindex":0},"north":{"uv":[0.5,7.375,1.0,8.25],"rotation":0,"texture":"#0","tintindex":0},"down":{"uv":[8.75,7.625,8.25,8.125],"rotation":0,"texture":"#0","tintindex":0},"east":{"uv":[7.375,4.375,7.875,5.25],"rotation":0,"texture":"#0","tintindex":0},"west":{"uv":[7.625,0.875,8.125,1.75],"rotation":0,"texture":"#0","tintindex":0},"up":{"uv":[8.125,8.75,7.625,8.25],"rotation":0,"texture":"#0","tintindex":0}}},{"from":[8.571428,7.428571,6.285714],"to":[9.714286,10.285714,9.714286],"rotation":{"angle":0.0,"axis":"y","origin":[8.0,8.0,8.0]},"faces":{"south":{"uv":[3.0,8.625,3.25,9.25],"rotation":0,"texture":"#0","tintindex":0},"north":{"uv":[2.75,8.625,3.0,9.25],"rotation":0,"texture":"#0","tintindex":0},"down":{"uv":[2.5,8.625,2.25,9.375],"rotation":0,"texture":"#0","tintindex":0},"east":{"uv":[6.375,2.25,7.125,2.875],"rotation":0,"texture":"#0","tintindex":0},"west":{"uv":[6.75,2.875,7.5,3.5],"rotation":0,"texture":"#0","tintindex":0},"up":{"uv":[2.25,9.375,2.0,8.625],"rotation":0,"texture":"#0","tintindex":0}}}],"textures":{"0":"modelengine:entity/omega"},"display":{"head":{"translation":[0.0,-6.4,0.0],"scale":[4.0,4.0,4.0]}}}