{"elements":[{"from":[4.0,8.0,4.0],"to":[12.0,8.0,12.0],"rotation":{"angle":0.0,"axis":"y","origin":[8.0,8.0,8.0]},"faces":{"south":{"uv":[480.0,2.0,512.0,2.0],"rotation":0,"texture":"#0","tintindex":0},"north":{"uv":[480.0,2.0,512.0,2.0],"rotation":0,"texture":"#0","tintindex":0},"down":{"uv":[480.0,0.0,512.0,32.0],"rotation":0,"texture":"#0","tintindex":0},"east":{"uv":[480.0,2.0,512.0,2.0],"rotation":0,"texture":"#0","tintindex":0},"west":{"uv":[480.0,2.0,512.0,2.0],"rotation":0,"texture":"#0","tintindex":0},"up":{"uv":[121.0,121.0,128.0,128.0],"rotation":0,"texture":"#0","tintindex":0}}}],"textures":{"0":"modelengine:entity/omega"},"display":{"head":{"translation":[0.0,-6.4,0.0],"scale":[4.0,4.0,4.0]}}}