{"elements":[{"from":[5.714286,12.571428,5.142857],"to":[10.285714,13.714286,10.857143],"rotation":{"angle":0.0,"axis":"y","origin":[8.0,-1.1428576,8.571428]},"faces":{"south":{"uv":[12.25,1.25,13.25,1.5],"rotation":0,"texture":"#0","tintindex":0},"north":{"uv":[3.125,5.625,4.125,5.875],"rotation":0,"texture":"#0","tintindex":0},"down":{"uv":[5.875,8.75,4.875,10.0],"rotation":0,"texture":"#0","tintindex":0},"east":{"uv":[11.75,6.75,13.0,7.0],"rotation":0,"texture":"#0","tintindex":0},"west":{"uv":[12.0,0.625,13.25,0.875],"rotation":0,"texture":"#0","tintindex":0},"up":{"uv":[4.875,10.0,3.875,8.75],"rotation":0,"texture":"#0","tintindex":0}}},{"from":[5.714286,11.428572,10.857143],"to":[10.285714,13.714286,14.285715],"rotation":{"angle":45.0,"axis":"x","origin":[8.0,13.714286,10.857143]},"faces":{"south":{"uv":[11.5,5.375,12.5,5.875],"rotation":0,"texture":"#0","tintindex":0},"north":{"uv":[6.75,4.375,7.75,4.875],"rotation":0,"texture":"#0","tintindex":0},"down":{"uv":[11.75,3.5,10.75,4.25],"rotation":0,"texture":"#0","tintindex":0},"east":{"uv":[0.5,5.875,1.25,6.375],"rotation":0,"texture":"#0","tintindex":0},"west":{"uv":[12.125,10.75,12.875,11.25],"rotation":0,"texture":"#0","tintindex":0},"up":{"uv":[11.75,3.5,10.75,2.75],"rotation":0,"texture":"#0","tintindex":0}}},{"from":[6.285714,9.575634,10.995794],"to":[9.714286,11.28992,13.281508],"rotation":{"angle":0.0,"axis":"y","origin":[7.428571,11.28992,11.567223]},"faces":{"south":{"uv":[8.5,4.375,9.25,4.0],"rotation":0,"texture":"#0","tintindex":0},"north":{"uv":[12.125,11.25,12.875,11.75],"rotation":0,"texture":"#0","tintindex":0},"down":{"uv":[12.875,11.75,12.125,12.25],"rotation":0,"texture":"#0","tintindex":0},"east":{"uv":[12.25,5.875,12.625,6.375],"rotation":0,"texture":"#0","tintindex":0},"west":{"uv":[12.25,7.0,12.625,7.5],"rotation":0,"texture":"#0","tintindex":0},"up":{"uv":[9.25,4.375,8.5,4.0],"rotation":0,"texture":"#0","tintindex":0}}},{"from":[8.55828,7.4321713,5.142857],"to":[12.558281,12.575029,10.857143],"rotation":{"angle":22.5,"axis":"z","origin":[8.55828,7.4321713,8.571428]},"faces":{"south":{"uv":[4.75,10.0,5.625,11.125],"rotation":0,"texture":"#0","tintindex":0},"north":{"uv":[3.875,10.0,4.75,11.125],"rotation":0,"texture":"#0","tintindex":0},"down":{"uv":[10.375,0.0,9.5,1.25],"rotation":0,"texture":"#0","tintindex":0},"east":{"uv":[8.25,4.375,9.5,5.5],"rotation":0,"texture":"#0","tintindex":0},"west":{"uv":[8.25,5.5,9.5,6.625],"rotation":0,"texture":"#0","tintindex":0},"up":{"uv":[10.25,10.625,9.375,9.375],"rotation":0,"texture":"#0","tintindex":0}}},{"from":[3.4417195,7.4321713,5.142857],"to":[7.44172,12.575029,10.857143],"rotation":{"angle":-22.5,"axis":"z","origin":[7.44172,7.4321713,8.571428]},"faces":{"south":{"uv":[2.25,10.25,3.125,11.375],"rotation":0,"texture":"#0","tintindex":0},"north":{"uv":[10.125,7.25,11.0,8.375],"rotation":0,"texture":"#0","tintindex":0},"down":{"uv":[10.375,4.625,9.5,5.875],"rotation":0,"texture":"#0","tintindex":0},"east":{"uv":[8.25,6.625,9.5,7.75],"rotation":0,"texture":"#0","tintindex":0},"west":{"uv":[1.125,8.5,2.375,9.625],"rotation":0,"texture":"#0","tintindex":0},"up":{"uv":[10.375,4.625,9.5,3.375],"rotation":0,"texture":"#0","tintindex":0}}},{"from":[4.0,7.428571,5.714286],"to":[8.0,12.571428,5.714286],"rotation":{"angle":-22.5,"axis":"z","origin":[8.0,7.428571,3.4285712]},"faces":{"south":{"uv":[8.375,10.25,9.25,11.375],"rotation":0,"texture":"#0","tintindex":0},"north":{"uv":[7.5,10.25,8.375,11.375],"rotation":0,"texture":"#0","tintindex":0},"down":{"uv":[0.0,0.0,0.875,0.0],"rotation":0,"texture":"#0","tintindex":0},"east":{"uv":[0.0,0.0,0.0,1.125],"rotation":0,"texture":"#0","tintindex":0},"west":{"uv":[0.0,0.0,0.0,1.125],"rotation":0,"texture":"#0","tintindex":0},"up":{"uv":[0.0,0.0,0.875,0.0],"rotation":0,"texture":"#0","tintindex":0}}},{"from":[5.714286,12.571428,5.714286],"to":[10.285714,13.714286,5.714286],"rotation":{"angle":0.0,"axis":"y","origin":[8.0,-1.1428576,3.4285712]},"faces":{"south":{"uv":[12.25,2.75,13.25,3.0],"rotation":0,"texture":"#0","tintindex":0},"north":{"uv":[12.25,2.5,13.25,2.75],"rotation":0,"texture":"#0","tintindex":0},"down":{"uv":[0.0,0.0,1.0,0.0],"rotation":0,"texture":"#0","tintindex":0},"east":{"uv":[0.0,0.0,0.0,0.25],"rotation":0,"texture":"#0","tintindex":0},"west":{"uv":[0.0,0.0,0.0,0.25],"rotation":0,"texture":"#0","tintindex":0},"up":{"uv":[1.0,0.0,0.0,0.0],"rotation":0,"texture":"#0","tintindex":0}}},{"from":[8.0,7.428571,5.714286],"to":[12.0,12.571428,5.714286],"rotation":{"angle":22.5,"axis":"z","origin":[8.0,7.428571,3.4285712]},"faces":{"south":{"uv":[6.625,10.25,7.5,11.375],"rotation":0,"texture":"#0","tintindex":0},"north":{"uv":[10.25,5.875,11.125,7.0],"rotation":0,"texture":"#0","tintindex":0},"down":{"uv":[0.0,0.0,0.875,0.0],"rotation":0,"texture":"#0","tintindex":0},"east":{"uv":[0.0,0.0,0.0,1.125],"rotation":0,"texture":"#0","tintindex":0},"west":{"uv":[0.0,0.0,0.0,1.125],"rotation":0,"texture":"#0","tintindex":0},"up":{"uv":[0.875,0.0,0.0,0.0],"rotation":0,"texture":"#0","tintindex":0}}},{"from":[6.285714,10.285714,5.6],"to":[7.428571,10.857143,6.1714287],"rotation":{"angle":-22.5,"axis":"z","origin":[6.857143,10.285714,5.6]},"faces":{"south":{"uv":[1.0,5.75,1.25,5.875],"rotation":0,"texture":"#0","tintindex":0},"north":{"uv":[0.625,5.75,0.875,5.875],"rotation":0,"texture":"#0","tintindex":0},"down":{"uv":[1.125,5.625,0.875,5.75],"rotation":0,"texture":"#0","tintindex":0},"east":{"uv":[0.5,5.75,0.625,5.875],"rotation":0,"texture":"#0","tintindex":0},"west":{"uv":[0.875,5.75,1.0,5.875],"rotation":0,"texture":"#0","tintindex":0},"up":{"uv":[0.875,5.75,0.625,5.625],"rotation":0,"texture":"#0","tintindex":0}}},{"from":[8.571428,10.285714,5.6],"to":[9.714286,10.857143,6.1714287],"rotation":{"angle":22.5,"axis":"z","origin":[9.142858,10.285714,5.6]},"faces":{"south":{"uv":[1.25,5.75,1.0,5.875],"rotation":0,"texture":"#0","tintindex":0},"north":{"uv":[0.875,5.75,0.625,5.875],"rotation":0,"texture":"#0","tintindex":0},"down":{"uv":[0.875,5.625,1.125,5.75],"rotation":0,"texture":"#0","tintindex":0},"east":{"uv":[1.0,5.75,0.875,5.875],"rotation":0,"texture":"#0","tintindex":0},"west":{"uv":[0.625,5.75,0.5,5.875],"rotation":0,"texture":"#0","tintindex":0},"up":{"uv":[0.625,5.75,0.875,5.625],"rotation":0,"texture":"#0","tintindex":0}}}],"textures":{"0":"modelengine:entity/reaper"},"display":{"head":{"translation":[0.0,-6.4,0.0],"scale":[4.0,4.0,4.0]}}}