{"elements":[{"from":[7.428571,6.857143,8.0],"to":[8.571428,8.0,16.57143],"rotation":{"angle":0.0,"axis":"y","origin":[8.0,6.857143,10.285714]},"faces":{"south":{"uv":[8.25,4.125,8.5,4.375],"rotation":0,"texture":"#0","tintindex":0},"north":{"uv":[6.125,4.125,6.375,4.375],"rotation":0,"texture":"#0","tintindex":0},"down":{"uv":[6.625,2.25,6.375,4.125],"rotation":0,"texture":"#0","tintindex":0},"east":{"uv":[4.25,4.125,6.125,4.375],"rotation":0,"texture":"#0","tintindex":0},"west":{"uv":[6.375,4.125,8.25,4.375],"rotation":0,"texture":"#0","tintindex":0},"up":{"uv":[6.375,4.125,6.125,2.25],"rotation":0,"texture":"#0","tintindex":0}}},{"from":[7.428571,6.857143,-1.1428576],"to":[8.571428,8.0,8.0],"rotation":{"angle":22.5,"axis":"x","origin":[8.0,6.857143,8.0]},"faces":{"south":{"uv":[8.5,2.0,8.75,2.25],"rotation":0,"texture":"#0","tintindex":0},"north":{"uv":[6.25,2.0,6.5,2.25],"rotation":0,"texture":"#0","tintindex":0},"down":{"uv":[6.75,0.0,6.5,2.0],"rotation":0,"texture":"#0","tintindex":0},"east":{"uv":[4.25,2.0,6.25,2.25],"rotation":0,"texture":"#0","tintindex":0},"west":{"uv":[6.5,2.0,8.5,2.25],"rotation":0,"texture":"#0","tintindex":0},"up":{"uv":[6.5,2.0,6.25,0.0],"rotation":0,"texture":"#0","tintindex":0}}},{"from":[7.714286,4.0,0.5714283],"to":[8.285714,6.857143,1.1428566],"rotation":{"angle":22.5,"axis":"x","origin":[7.714286,6.857143,8.0]},"faces":{"south":{"uv":[0.375,5.75,0.5,6.375],"rotation":0,"texture":"#0","tintindex":0},"north":{"uv":[0.125,5.75,0.25,6.375],"rotation":0,"texture":"#0","tintindex":0},"down":{"uv":[0.375,5.625,0.25,5.75],"rotation":0,"texture":"#0","tintindex":0},"east":{"uv":[0.0,5.75,0.125,6.375],"rotation":0,"texture":"#0","tintindex":0},"west":{"uv":[0.25,5.75,0.375,6.375],"rotation":0,"texture":"#0","tintindex":0},"up":{"uv":[0.25,5.75,0.125,5.625],"rotation":0,"texture":"#0","tintindex":0}}},{"from":[7.428571,10.35596,-3.304041],"to":[8.571428,11.498817,-0.4468975],"rotation":{"angle":22.5,"axis":"x","origin":[8.0,10.35596,-0.4468975]},"faces":{"south":{"uv":[5.75,5.625,6.0,5.875],"rotation":0,"texture":"#0","tintindex":0},"north":{"uv":[4.875,5.625,5.125,5.875],"rotation":0,"texture":"#0","tintindex":0},"down":{"uv":[5.375,5.0,5.125,5.625],"rotation":0,"texture":"#0","tintindex":0},"east":{"uv":[4.25,5.625,4.875,5.875],"rotation":0,"texture":"#0","tintindex":0},"west":{"uv":[5.125,5.625,5.75,5.875],"rotation":0,"texture":"#0","tintindex":0},"up":{"uv":[5.125,5.625,4.875,5.0],"rotation":0,"texture":"#0","tintindex":0}}},{"from":[8.0,-2.6221209,-8.859001],"to":[8.0,13.37788,0.85528517],"rotation":{"angle":22.5,"axis":"x","origin":[8.0,9.17788,0.50887394]},"faces":{"south":{"uv":[4.25,2.125,4.25,5.625],"rotation":0,"texture":"#0","tintindex":0},"north":{"uv":[2.125,2.125,2.125,5.625],"rotation":0,"texture":"#0","tintindex":0},"down":{"uv":[2.125,0.0,2.125,2.125],"rotation":0,"texture":"#0","tintindex":0},"east":{"uv":[0.0,2.125,2.125,5.625],"rotation":0,"texture":"#0","tintindex":0},"west":{"uv":[2.125,2.125,4.25,5.625],"rotation":0,"texture":"#0","tintindex":0},"up":{"uv":[2.125,2.125,2.125,0.0],"rotation":0,"texture":"#0","tintindex":0}}}],"textures":{"0":"modelengine:entity/reaper"},"display":{"head":{"translation":[0.0,-6.4,0.0],"scale":[4.0,4.0,4.0]}}}