{"elements":[{"from":[5.714286,5.142857,6.857143],"to":[8.0,9.142858,9.142858],"rotation":{"angle":0.0,"axis":"y","origin":[10.285714,-4.5714293,8.0]},"faces":{"south":{"uv":[11.75,2.625,12.25,3.5],"rotation":0,"texture":"#0","tintindex":0},"north":{"uv":[8.875,11.625,9.375,12.5],"rotation":0,"texture":"#0","tintindex":0},"down":{"uv":[9.25,1.75,8.75,2.25],"rotation":0,"texture":"#0","tintindex":0},"east":{"uv":[9.375,11.625,9.875,12.5],"rotation":0,"texture":"#0","tintindex":0},"west":{"uv":[11.75,5.875,12.25,6.75],"rotation":0,"texture":"#0","tintindex":0},"up":{"uv":[8.25,4.875,7.75,4.375],"rotation":0,"texture":"#0","tintindex":0}}},{"from":[5.142857,4.0,6.5714283],"to":[8.0,9.142858,9.428572],"rotation":{"angle":-22.5,"axis":"z","origin":[6.857143,9.142858,7.714286]},"faces":{"south":{"uv":[11.0,7.0,11.625,8.125],"rotation":0,"texture":"#0","tintindex":0},"north":{"uv":[3.125,10.5,3.75,11.625],"rotation":0,"texture":"#0","tintindex":0},"down":{"uv":[12.75,7.875,12.125,8.5],"rotation":0,"texture":"#0","tintindex":0},"east":{"uv":[0.0,10.75,0.625,11.875],"rotation":0,"texture":"#0","tintindex":0},"west":{"uv":[3.75,11.125,4.375,12.25],"rotation":0,"texture":"#0","tintindex":0},"up":{"uv":[7.0,12.75,6.375,12.125],"rotation":0,"texture":"#0","tintindex":0}}}],"textures":{"0":"modelengine:entity/reaper"},"display":{"head":{"translation":[0.0,-6.4,0.0],"scale":[4.0,4.0,4.0]}}}