{"format_version":"1.9.0","credit":"Made with Blockbench","texture_size":[64,64],"textures":{"1":"nightvision:armor/apadtive_helmet"},"elements":[{"from":[4,0,4],"to":[12,8,12],"rotation":{"angle":0,"axis":"y","origin":[8,0,8]},"faces":{"north":{"uv":[0,0,2,2],"texture":"#1"},"east":{"uv":[0,2,2,4],"texture":"#1"},"south":{"uv":[2,0,4,2],"texture":"#1"},"west":{"uv":[2,2,4,4],"texture":"#1"},"up":{"uv":[2,6,0,4],"texture":"#1"},"down":{"uv":[6,0,4,2],"texture":"#1"}}},{"from":[10.5,5,3.5],"to":[11.5,9,12.5],"rotation":{"angle":0,"axis":"y","origin":[10.5,5,8.5]},"faces":{"north":{"uv":[1,7.5,1.25,8.5],"texture":"#1"},"east":{"uv":[2,4,4.25,5],"texture":"#1"},"south":{"uv":[1.25,7.5,1.5,8.5],"texture":"#1"},"west":{"uv":[4,2,6.25,3],"texture":"#1"},"up":{"uv":[5.5,8.5,5.25,6.25],"texture":"#1"},"down":{"uv":[5.75,6.25,5.5,8.5],"texture":"#1"}}},{"from":[5,1,12],"to":[11,5,13],"rotation":{"angle":0,"axis":"y","origin":[10,1,9]},"faces":{"north":{"uv":[6.25,1.5,7.75,2.5],"texture":"#1"},"east":{"uv":[2,7.5,2.25,8.5],"texture":"#1"},"south":{"uv":[1.75,6.25,3.25,7.25],"texture":"#1"},"west":{"uv":[2.25,7.5,2.5,8.5],"texture":"#1"},"up":{"uv":[8.75,5.5,7.25,5.25],"texture":"#1"},"down":{"uv":[8.75,5.5,7.25,5.75],"texture":"#1"}}},{"from":[4.5,5,3.5],"to":[5.5,9,12.5],"rotation":{"angle":0,"axis":"y","origin":[4.5,5,8.5]},"faces":{"north":{"uv":[1.5,7.5,1.75,8.5],"texture":"#1"},"east":{"uv":[4,3,6.25,4],"texture":"#1"},"south":{"uv":[1.75,7.5,2,8.5],"texture":"#1"},"west":{"uv":[4.25,4,6.5,5],"texture":"#1"},"up":{"uv":[6,8.5,5.75,6.25],"texture":"#1"},"down":{"uv":[6.25,6.25,6,8.5],"texture":"#1"}}},{"from":[3,1,4.5],"to":[4,6,11.5],"rotation":{"angle":0,"axis":"y","origin":[3,2,11.5]},"faces":{"north":{"uv":[2.75,7.25,3,8.5],"texture":"#1"},"east":{"uv":[2,5,3.75,6.25],"texture":"#1"},"south":{"uv":[3,7.25,3.25,8.5],"texture":"#1"},"west":{"uv":[3.75,5,5.5,6.25],"texture":"#1"},"up":{"uv":[0.25,9,0,7.25],"texture":"#1"},"down":{"uv":[0.5,7.25,0.25,9],"texture":"#1"}}},{"from":[14.9641,10.3,9.5],"to":[15.9641,15.3,10.5],"rotation":{"angle":22.5,"axis":"z","origin":[16.4641,5.3,9.5]},"faces":{"north":{"uv":[6.75,7.25,6.5,8.5],"texture":"#1"},"east":{"uv":[7.5,7,7.25,8.25],"texture":"#1"},"south":{"uv":[7.25,7.25,7,8.5],"texture":"#1"},"west":{"uv":[7,7.25,6.75,8.5],"texture":"#1"},"up":{"uv":[2,6,1.75,6.25],"texture":"#1"},"down":{"uv":[5.25,7.5,5,7.75],"texture":"#1"}}},{"from":[14.4641,5.3,9],"to":[16.4641,10.3,11],"rotation":{"angle":22.5,"axis":"z","origin":[16.4641,5.3,9]},"faces":{"north":{"uv":[3.75,6.25,3.25,7.5],"texture":"#1"},"east":{"uv":[5.25,6.25,4.75,7.5],"texture":"#1"},"south":{"uv":[4.75,6.25,4.25,7.5],"texture":"#1"},"west":{"uv":[4.25,6.25,3.75,7.5],"texture":"#1"},"up":{"uv":[3.75,7.5,3.25,8],"texture":"#1"},"down":{"uv":[4.25,7.5,3.75,8],"texture":"#1"}}},{"from":[12.99,3.29,8.99],"to":[17.01,5.31,11.01],"rotation":{"angle":22.5,"axis":"z","origin":[13,3.3,9]},"faces":{"north":{"uv":[7.25,6.25,6.25,6.75],"texture":"#1"},"east":{"uv":[4.75,7.5,4.25,8],"texture":"#1"},"south":{"uv":[7.5,4,6.5,4.5],"texture":"#1"},"west":{"uv":[8,4,7.5,4.5],"texture":"#1"},"up":{"uv":[7.5,4.5,6.5,5],"texture":"#1"},"down":{"uv":[7.25,6.75,6.25,7.25],"texture":"#1"}}},{"from":[12.99,1.39,4.99],"to":[17.01,3.41,7.01],"rotation":{"angle":22.5,"axis":"z","origin":[13,1.4,5]},"faces":{"north":{"uv":[7.25,6.25,6.25,6.75],"texture":"#1"},"east":{"uv":[4.75,7.5,4.25,8],"texture":"#1"},"south":{"uv":[7.5,4,6.5,4.5],"texture":"#1"},"west":{"uv":[8,4,7.5,4.5],"texture":"#1"},"up":{"uv":[7.5,4.5,6.5,5],"texture":"#1"},"down":{"uv":[7.25,6.75,6.25,7.25],"texture":"#1"}}},{"from":[14.4641,3.4,5],"to":[16.4641,8.4,7],"rotation":{"angle":22.5,"axis":"z","origin":[16.4641,3.4,5]},"faces":{"north":{"uv":[3.75,6.25,3.25,7.5],"texture":"#1"},"east":{"uv":[5.25,6.25,4.75,7.5],"texture":"#1"},"south":{"uv":[4.75,6.25,4.25,7.5],"texture":"#1"},"west":{"uv":[4.25,6.25,3.75,7.5],"texture":"#1"},"up":{"uv":[3.75,7.5,3.25,8],"texture":"#1"},"down":{"uv":[4.25,7.5,3.75,8],"texture":"#1"}}},{"from":[14.9641,8.4,5.5],"to":[15.9641,13.4,6.5],"rotation":{"angle":22.5,"axis":"z","origin":[16.4641,3.4,5.5]},"faces":{"north":{"uv":[6.75,7.25,6.5,8.5],"texture":"#1"},"east":{"uv":[7.5,7,7.25,8.25],"texture":"#1"},"south":{"uv":[7.25,7.25,7,8.5],"texture":"#1"},"west":{"uv":[7,7.25,6.75,8.5],"texture":"#1"},"up":{"uv":[2,6,1.75,6.25],"texture":"#1"},"down":{"uv":[5.25,7.5,5,7.75],"texture":"#1"}}},{"from":[0.0359,8.4,5.5],"to":[1.0359,13.4,6.5],"rotation":{"angle":-22.5,"axis":"z","origin":[-0.4641,3.4,5.5]},"faces":{"north":{"uv":[6.5,7.25,6.75,8.5],"texture":"#1"},"east":{"uv":[6.75,7.25,7,8.5],"texture":"#1"},"south":{"uv":[7,7.25,7.25,8.5],"texture":"#1"},"west":{"uv":[7.25,7,7.5,8.25],"texture":"#1"},"up":{"uv":[1.75,6,2,6.25],"texture":"#1"},"down":{"uv":[5,7.5,5.25,7.75],"texture":"#1"}}},{"from":[-0.4641,3.4,5],"to":[1.5359,8.4,7],"rotation":{"angle":-22.5,"axis":"z","origin":[-0.4641,3.4,5]},"faces":{"north":{"uv":[3.25,6.25,3.75,7.5],"texture":"#1"},"east":{"uv":[3.75,6.25,4.25,7.5],"texture":"#1"},"south":{"uv":[4.25,6.25,4.75,7.5],"texture":"#1"},"west":{"uv":[4.75,6.25,5.25,7.5],"texture":"#1"},"up":{"uv":[3.25,7.5,3.75,8],"texture":"#1"},"down":{"uv":[3.75,7.5,4.25,8],"texture":"#1"}}},{"from":[-1.01,1.39,4.99],"to":[3.01,3.41,7.01],"rotation":{"angle":-22.5,"axis":"z","origin":[3,1.4,5]},"faces":{"north":{"uv":[6.25,6.25,7.25,6.75],"texture":"#1"},"east":{"uv":[7.5,4,8,4.5],"texture":"#1"},"south":{"uv":[6.5,4,7.5,4.5],"texture":"#1"},"west":{"uv":[4.25,7.5,4.75,8],"texture":"#1"},"up":{"uv":[6.5,4.5,7.5,5],"texture":"#1"},"down":{"uv":[6.25,6.75,7.25,7.25],"texture":"#1"}}},{"from":[-1.01,3.29,8.99],"to":[3.01,5.31,11.01],"rotation":{"angle":-22.5,"axis":"z","origin":[3,3.3,9]},"faces":{"north":{"uv":[6.25,6.25,7.25,6.75],"texture":"#1"},"east":{"uv":[7.5,4,8,4.5],"texture":"#1"},"south":{"uv":[6.5,4,7.5,4.5],"texture":"#1"},"west":{"uv":[4.25,7.5,4.75,8],"texture":"#1"},"up":{"uv":[6.5,4.5,7.5,5],"texture":"#1"},"down":{"uv":[6.25,6.75,7.25,7.25],"texture":"#1"}}},{"from":[-0.4641,5.3,9],"to":[1.5359,10.3,11],"rotation":{"angle":-22.5,"axis":"z","origin":[-0.4641,5.3,9]},"faces":{"north":{"uv":[3.25,6.25,3.75,7.5],"texture":"#1"},"east":{"uv":[3.75,6.25,4.25,7.5],"texture":"#1"},"south":{"uv":[4.25,6.25,4.75,7.5],"texture":"#1"},"west":{"uv":[4.75,6.25,5.25,7.5],"texture":"#1"},"up":{"uv":[3.25,7.5,3.75,8],"texture":"#1"},"down":{"uv":[3.75,7.5,4.25,8],"texture":"#1"}}},{"from":[0.0359,10.3,9.5],"to":[1.0359,15.3,10.5],"rotation":{"angle":-22.5,"axis":"z","origin":[-0.4641,5.3,9.5]},"faces":{"north":{"uv":[6.5,7.25,6.75,8.5],"texture":"#1"},"east":{"uv":[6.75,7.25,7,8.5],"texture":"#1"},"south":{"uv":[7,7.25,7.25,8.5],"texture":"#1"},"west":{"uv":[7.25,7,7.5,8.25],"texture":"#1"},"up":{"uv":[1.75,6,2,6.25],"texture":"#1"},"down":{"uv":[5,7.5,5.25,7.75],"texture":"#1"}}},{"from":[12,1,4.5],"to":[13,6,11.5],"rotation":{"angle":0,"axis":"y","origin":[12,2,11.5]},"faces":{"north":{"uv":[7.25,5.75,7.5,7],"texture":"#1"},"east":{"uv":[5.5,5,7.25,6.25],"texture":"#1"},"south":{"uv":[6.25,7.25,6.5,8.5],"texture":"#1"},"west":{"uv":[0,6,1.75,7.25],"texture":"#1"},"up":{"uv":[0.75,9,0.5,7.25],"texture":"#1"},"down":{"uv":[1,7.25,0.75,9],"texture":"#1"}}},{"from":[3.5,1.5,3.5],"to":[12.5,4.5,4.5],"rotation":{"angle":0,"axis":"y","origin":[8.5,-4.5,4.5]},"faces":{"north":{"uv":[6,0,8.25,0.75],"texture":"#1"},"east":{"uv":[2.5,7.5,2.75,8.25],"texture":"#1"},"south":{"uv":[6,0.75,8.25,1.5],"texture":"#1"},"west":{"uv":[4.75,7.5,5,8.25],"texture":"#1"},"up":{"uv":[8.5,3.75,6.25,3.5],"texture":"#1"},"down":{"uv":[8.5,3.75,6.25,4],"texture":"#1"}}},{"from":[4.5,-0.5,3.5],"to":[11.5,1.5,4.5],"rotation":{"angle":0,"axis":"y","origin":[8.5,-7.5,4.5]},"faces":{"north":{"uv":[6.25,2.5,8,3],"texture":"#1"},"east":{"uv":[6,1.5,6.25,2],"texture":"#1"},"south":{"uv":[6.25,3,8,3.5],"texture":"#1"},"west":{"uv":[7.5,4.5,7.75,5],"texture":"#1"},"up":{"uv":[2.75,7.5,1,7.25],"texture":"#1"},"down":{"uv":[9,5,7.25,5.25],"texture":"#1"}}}],"gui_light":"front","display":{"thirdperson_righthand":{"rotation":[17,-45,0],"translation":[0,2.25,0],"scale":[0.44,0.44,0.44]},"thirdperson_lefthand":{"rotation":[17,-45,0],"translation":[0,2.25,0],"scale":[0.44,0.44,0.44]},"firstperson_righthand":{"rotation":[-180,54.25,-180],"translation":[0,5.75,0],"scale":[0.64,0.64,0.64]},"firstperson_lefthand":{"rotation":[-180,54.25,-180],"translation":[0,5.75,0],"scale":[0.64,0.64,0.64]},"ground":{"translation":[0,6.25,0],"scale":[0.5,0.5,0.5]},"gui":{"rotation":[-153,35,-180],"translation":[0,1.5,0],"scale":[0.94,0.94,0.94]},"head":{"translation":[0,8,0],"scale":[1.83,1.83,1.83]},"fixed":{"rotation":[-90,0,0],"translation":[0,0,-16],"scale":[2,2,2]}}}