{"format_version":"1.9.0","credit":"Made with Blockbench","texture_size":[64,64],"textures":{"1":"nightvision:armor/defend_helmet"},"elements":[{"from":[4,0,5],"to":[12,8,12],"rotation":{"angle":0,"axis":"y","origin":[8,0,9]},"faces":{"north":{"uv":[0,0,2,2],"texture":"#1"},"east":{"uv":[2,0,3.75,2],"texture":"#1"},"south":{"uv":[0,2,2,4],"texture":"#1"},"west":{"uv":[2,2,3.75,4],"texture":"#1"},"up":{"uv":[5.75,1.75,3.75,0],"texture":"#1"},"down":{"uv":[5.75,1.75,3.75,3.5],"texture":"#1"}}},{"from":[10,0,4],"to":[12,1,5],"rotation":{"angle":0,"axis":"y","origin":[8,0,2]},"faces":{"north":{"uv":[8.25,5.75,8.75,6],"texture":"#1"},"east":{"uv":[8.5,0.5,8.75,0.75],"texture":"#1"},"south":{"uv":[6,8.25,6.5,8.5],"texture":"#1"},"west":{"uv":[8.5,0.75,8.75,1],"texture":"#1"},"up":{"uv":[8.75,6.25,8.25,6],"texture":"#1"},"down":{"uv":[7,8.25,6.5,8.5],"texture":"#1"}}},{"from":[4,0,4],"to":[6,1,5],"rotation":{"angle":0,"axis":"y","origin":[2,0,2]},"faces":{"north":{"uv":[8.25,6.5,8.75,6.75],"texture":"#1"},"east":{"uv":[8.5,1,8.75,1.25],"texture":"#1"},"south":{"uv":[8.25,6.75,8.75,7],"texture":"#1"},"west":{"uv":[8.5,1.25,8.75,1.5],"texture":"#1"},"up":{"uv":[8.75,7.25,8.25,7],"texture":"#1"},"down":{"uv":[8.75,7.25,8.25,7.5],"texture":"#1"}}},{"from":[11,4,3],"to":[12,5,5],"rotation":{"angle":0,"axis":"y","origin":[14,4,1]},"faces":{"north":{"uv":[8.5,0.75,8.75,1],"texture":"#1"},"east":{"uv":[8.25,5.75,8.75,6],"texture":"#1"},"south":{"uv":[8.5,0.5,8.75,0.75],"texture":"#1"},"west":{"uv":[6,8.25,6.5,8.5],"texture":"#1"},"up":{"uv":[8.75,6.25,8.25,6],"rotation":90,"texture":"#1"},"down":{"uv":[7,8.25,6.5,8.5],"rotation":270,"texture":"#1"}}},{"from":[4,4,3],"to":[5,5,5],"rotation":{"angle":0,"axis":"y","origin":[7,4,1]},"faces":{"north":{"uv":[8.5,1.25,8.75,1.5],"texture":"#1"},"east":{"uv":[8.25,6.5,8.75,6.75],"texture":"#1"},"south":{"uv":[8.5,1,8.75,1.25],"texture":"#1"},"west":{"uv":[8.25,6.75,8.75,7],"texture":"#1"},"up":{"uv":[8.75,7.25,8.25,7],"rotation":90,"texture":"#1"},"down":{"uv":[8.75,7.25,8.25,7.5],"rotation":270,"texture":"#1"}}},{"from":[4,5,4],"to":[12,8,5],"rotation":{"angle":0,"axis":"y","origin":[8,0,9]},"faces":{"north":{"uv":[5.75,1,7.75,1.75],"texture":"#1"},"east":{"uv":[8,5.5,8.25,6.25],"texture":"#1"},"south":{"uv":[5.75,1.75,7.75,2.5],"texture":"#1"},"west":{"uv":[2.75,8.25,3,9],"texture":"#1"},"up":{"uv":[8.75,6.5,6.75,6.25],"texture":"#1"},"down":{"uv":[9.25,3.5,7.25,3.75],"texture":"#1"}}},{"from":[11.5,1,6],"to":[13.5,4,9],"rotation":{"angle":45,"axis":"x","origin":[12.5,2.5,7.5]},"faces":{"north":{"uv":[2.5,7.5,3,8.25],"texture":"#1"},"east":{"uv":[6.75,5.5,7.5,6.25],"texture":"#1"},"south":{"uv":[4.25,7.5,4.75,8.25],"texture":"#1"},"west":{"uv":[0.5,7,1.25,7.75],"texture":"#1"},"up":{"uv":[5.25,8.25,4.75,7.5],"texture":"#1"},"down":{"uv":[5.75,7.5,5.25,8.25],"texture":"#1"}}},{"from":[12,0,3],"to":[13,2,9],"rotation":{"angle":45,"axis":"x","origin":[13,3.5,7.5]},"faces":{"north":{"uv":[3.5,4,3.75,4.5],"texture":"#1"},"east":{"uv":[6.75,2.5,8.25,3],"texture":"#1"},"south":{"uv":[2,6,2.25,6.5],"texture":"#1"},"west":{"uv":[6.75,3,8.25,3.5],"texture":"#1"},"up":{"uv":[2.5,6.5,2.25,5],"texture":"#1"},"down":{"uv":[6,7.5,5.75,9],"texture":"#1"}}},{"from":[12.01,4.21711,1.85315],"to":[12.99,6.19711,2.83315],"rotation":{"angle":0,"axis":"x","origin":[8,5.20711,2.34315]},"faces":{"north":{"uv":[4.25,7,4.5,7.5],"texture":"#1"},"east":{"uv":[4.25,8.25,4.5,8.75],"texture":"#1"},"south":{"uv":[8.25,4.25,8.5,4.75],"texture":"#1"},"west":{"uv":[4.5,8.25,4.75,8.75],"texture":"#1"},"up":{"uv":[8.5,8.25,8.25,8],"texture":"#1"},"down":{"uv":[8.5,8.25,8.25,8.5],"texture":"#1"}}},{"from":[12,2.4,8],"to":[13,6.4,12],"rotation":{"angle":45,"axis":"x","origin":[13,3.9,7.5]},"faces":{"north":{"uv":[7.75,1,8,2],"texture":"#1"},"east":{"uv":[1,6,2,7],"texture":"#1"},"south":{"uv":[1.25,7.75,1.5,8.75],"texture":"#1"},"west":{"uv":[6.25,3.5,7.25,4.5],"texture":"#1"},"up":{"uv":[1.75,8.75,1.5,7.75],"texture":"#1"},"down":{"uv":[2,7.75,1.75,8.75],"texture":"#1"}}},{"from":[3.01,4.21711,1.85315],"to":[3.99,6.19711,2.83315],"rotation":{"angle":0,"axis":"x","origin":[8,5.20711,2.34315]},"faces":{"north":{"uv":[5,8.25,5.25,8.75],"texture":"#1"},"east":{"uv":[5.25,8.25,5.5,8.75],"texture":"#1"},"south":{"uv":[8.25,5.25,8.5,5.75],"texture":"#1"},"west":{"uv":[5.5,8.25,5.75,8.75],"texture":"#1"},"up":{"uv":[8.75,0.25,8.5,0],"texture":"#1"},"down":{"uv":[8.75,0.25,8.5,0.5],"texture":"#1"}}},{"from":[3,0,3],"to":[4,2,9],"rotation":{"angle":45,"axis":"x","origin":[3,3.5,7.5]},"faces":{"north":{"uv":[4.75,8.25,5,8.75],"texture":"#1"},"east":{"uv":[6.75,4.5,8.25,5],"texture":"#1"},"south":{"uv":[8.25,4.75,8.5,5.25],"texture":"#1"},"west":{"uv":[6.75,5,8.25,5.5],"texture":"#1"},"up":{"uv":[7.25,9,7,7.5],"texture":"#1"},"down":{"uv":[7.5,7.5,7.25,9],"texture":"#1"}}},{"from":[2.5,1,6],"to":[4.5,4,9],"rotation":{"angle":45,"axis":"x","origin":[3.5,2.5,7.5]},"faces":{"north":{"uv":[7.5,5.5,8,6.25],"texture":"#1"},"east":{"uv":[1.25,7,2,7.75],"texture":"#1"},"south":{"uv":[6,7.5,6.5,8.25],"texture":"#1"},"west":{"uv":[3.5,7,4.25,7.75],"texture":"#1"},"up":{"uv":[7,8.25,6.5,7.5],"texture":"#1"},"down":{"uv":[8,6.5,7.5,7.25],"texture":"#1"}}},{"from":[3,2.4,8],"to":[4,6.4,12],"rotation":{"angle":45,"axis":"x","origin":[3,3.9,7.5]},"faces":{"north":{"uv":[7.5,7.25,7.75,8.25],"texture":"#1"},"east":{"uv":[5.75,2.5,6.75,3.5],"texture":"#1"},"south":{"uv":[0.5,7.75,0.75,8.75],"texture":"#1"},"west":{"uv":[0,6,1,7],"texture":"#1"},"up":{"uv":[1,8.75,0.75,7.75],"texture":"#1"},"down":{"uv":[1.25,7.75,1,8.75],"texture":"#1"}}},{"from":[6,4.5,2.5],"to":[10,8.5,12.5],"rotation":{"angle":0,"axis":"y","origin":[8,4.5,3.5]},"faces":{"north":{"uv":[2,6.5,3,7.5],"texture":"#1"},"east":{"uv":[3.75,3.5,6.25,4.5],"texture":"#1"},"south":{"uv":[4.5,6.5,5.5,7.5],"texture":"#1"},"west":{"uv":[0,4,2.5,5],"texture":"#1"},"up":{"uv":[3.5,6.5,2.5,4],"texture":"#1"},"down":{"uv":[4.5,4.5,3.5,7],"texture":"#1"}}},{"from":[6,-0.5,11.5],"to":[10,3.5,12.5],"rotation":{"angle":0,"axis":"y","origin":[8,-0.5,3.5]},"faces":{"north":{"uv":[5.5,6.5,6.5,7.5],"texture":"#1"},"east":{"uv":[3.5,7.75,3.75,8.75],"texture":"#1"},"south":{"uv":[6.5,6.5,7.5,7.5],"texture":"#1"},"west":{"uv":[3.75,7.75,4,8.75],"texture":"#1"},"up":{"uv":[8.75,2.25,7.75,2],"texture":"#1"},"down":{"uv":[8.75,2.25,7.75,2.5],"texture":"#1"}}},{"from":[4.5,-0.5,11.5],"to":[5.5,3.5,12.5],"rotation":{"angle":0,"axis":"y","origin":[3.5,-0.5,3.5]},"faces":{"north":{"uv":[8,0,8.25,1],"texture":"#1"},"east":{"uv":[8,1,8.25,2],"texture":"#1"},"south":{"uv":[8,6.5,8.25,7.5],"texture":"#1"},"west":{"uv":[8,7.5,8.25,8.5],"texture":"#1"},"up":{"uv":[7.75,8.5,7.5,8.25],"texture":"#1"},"down":{"uv":[8.5,7.5,8.25,7.75],"texture":"#1"}}},{"from":[4.5,4.5,3.5],"to":[5.5,8.5,12.5],"rotation":{"angle":0,"axis":"y","origin":[3.5,4.5,3.5]},"faces":{"north":{"uv":[4,7.75,4.25,8.75],"texture":"#1"},"east":{"uv":[4.5,4.5,6.75,5.5],"texture":"#1"},"south":{"uv":[7.75,7.25,8,8.25],"texture":"#1"},"west":{"uv":[0,5,2.25,6],"texture":"#1"},"up":{"uv":[3.25,8.75,3,6.5],"texture":"#1"},"down":{"uv":[3.5,6.5,3.25,8.75],"texture":"#1"}}},{"from":[10.5,-0.5,11.5],"to":[11.5,3.5,12.5],"rotation":{"angle":0,"axis":"y","origin":[9.5,-0.5,3.5]},"faces":{"north":{"uv":[2,8.25,2.25,9.25],"texture":"#1"},"east":{"uv":[2.25,8.25,2.5,9.25],"texture":"#1"},"south":{"uv":[2.5,8.25,2.75,9.25],"texture":"#1"},"west":{"uv":[8.25,2.5,8.5,3.5],"texture":"#1"},"up":{"uv":[8,8.5,7.75,8.25],"texture":"#1"},"down":{"uv":[8.5,7.75,8.25,8],"texture":"#1"}}},{"from":[10.5,4.5,3.5],"to":[11.5,8.5,12.5],"rotation":{"angle":0,"axis":"y","origin":[9.5,4.5,3.5]},"faces":{"north":{"uv":[8.25,0,8.5,1],"texture":"#1"},"east":{"uv":[4.5,5.5,6.75,6.5],"texture":"#1"},"south":{"uv":[8.25,1,8.5,2],"texture":"#1"},"west":{"uv":[5.75,0,8,1],"texture":"#1"},"up":{"uv":[0.25,9.25,0,7],"texture":"#1"},"down":{"uv":[0.5,7,0.25,9.25],"texture":"#1"}}},{"from":[7,5,2],"to":[9,8,3],"rotation":{"angle":0,"axis":"y","origin":[8,5,2]},"faces":{"north":{"uv":[7.25,3.75,7.75,4.5],"texture":"#1"},"east":{"uv":[7.75,3.75,8,4.5],"texture":"#1"},"south":{"uv":[2,7.5,2.5,8.25],"texture":"#1"},"west":{"uv":[8,3.75,8.25,4.5],"texture":"#1"},"up":{"uv":[8.75,4,8.25,3.75],"texture":"#1"},"down":{"uv":[8.75,4,8.25,4.25],"texture":"#1"}}}],"display":{"thirdperson_righthand":{"rotation":[17,-45,0],"translation":[0,2.25,0],"scale":[0.44,0.44,0.44]},"thirdperson_lefthand":{"rotation":[17,-45,0],"translation":[0,2.25,0],"scale":[0.44,0.44,0.44]},"firstperson_righthand":{"rotation":[-180,54.25,-180],"translation":[0,5.75,0],"scale":[0.64,0.64,0.64]},"firstperson_lefthand":{"rotation":[-180,54.25,-180],"translation":[0,5.75,0],"scale":[0.64,0.64,0.64]},"ground":{"translation":[0,6.25,0],"scale":[0.5,0.5,0.5]},"gui":{"rotation":[-153,35,-180],"translation":[0,1.5,0],"scale":[0.94,0.94,0.94]},"head":{"translation":[0,8,0],"scale":[1.83,1.83,1.83]},"fixed":{"rotation":[-90,0,0],"translation":[0,0,-16],"scale":[2,2,2]}}}