{"format_version":"1.9.0","credit":"Made with Blockbench","texture_size":[64,64],"textures":{"1":"nightvision:armor/power_helmet"},"elements":[{"from":[4,2,4],"to":[12,8,12],"rotation":{"angle":0,"axis":"y","origin":[8,0,8]},"faces":{"north":{"uv":[2,0,4,1.5],"texture":"#1"},"east":{"uv":[2,1.5,4,3],"texture":"#1"},"south":{"uv":[2,3,4,4.5],"texture":"#1"},"west":{"uv":[0,4,2,5.5],"texture":"#1"},"up":{"uv":[2,2,0,0],"texture":"#1"},"down":{"uv":[2,2,0,4],"texture":"#1"}}},{"from":[3,2,8],"to":[13,5,11],"rotation":{"angle":0,"axis":"y","origin":[8,0,8]},"faces":{"north":{"uv":[4,2,6.5,2.75],"texture":"#1"},"east":{"uv":[6.5,4.25,7.25,5],"texture":"#1"},"south":{"uv":[4,2.75,6.5,3.5],"texture":"#1"},"west":{"uv":[6.75,0.5,7.5,1.25],"texture":"#1"},"up":{"uv":[6.5,4.25,4,3.5],"texture":"#1"},"down":{"uv":[6.5,4.25,4,5],"texture":"#1"}}},{"from":[1.8,2.3,8.3],"to":[3.2,4.7,10.7],"rotation":{"angle":0,"axis":"y","origin":[-2,0.5,8.5]},"faces":{"north":{"uv":[1.5,7,1.75,7.5],"texture":"#1"},"east":{"uv":[7,7.5,7.5,8],"texture":"#1"},"south":{"uv":[2.5,7.75,2.75,8.25],"texture":"#1"},"west":{"uv":[7.5,7,8,7.5],"texture":"#1"},"up":{"uv":[3,8.25,2.75,7.75],"texture":"#1"},"down":{"uv":[3.25,7.75,3,8.25],"texture":"#1"}}},{"from":[12.8,2.3,8.3],"to":[14.2,4.7,10.7],"rotation":{"angle":0,"axis":"y","origin":[18,0.5,8.5]},"faces":{"north":{"uv":[1.75,7,1.5,7.5],"texture":"#1"},"east":{"uv":[8,7,7.5,7.5],"texture":"#1"},"south":{"uv":[2.75,7.75,2.5,8.25],"texture":"#1"},"west":{"uv":[7.5,7.5,7,8],"texture":"#1"},"up":{"uv":[2.75,8.25,3,7.75],"texture":"#1"},"down":{"uv":[3,7.75,3.25,8.25],"texture":"#1"}}},{"from":[12.99,3.91271,5.31153],"to":[14.01,5.93271,9.33153],"rotation":{"angle":22.5,"axis":"x","origin":[13.69,5.69928,4.76195]},"faces":{"north":{"uv":[7.75,4.25,8,4.75],"texture":"#1"},"east":{"uv":[7,2.5,8,3],"texture":"#1"},"south":{"uv":[5,7.75,5.25,8.25],"texture":"#1"},"west":{"uv":[7,5,8,5.5],"texture":"#1"},"up":{"uv":[4,8,3.75,7],"texture":"#1"},"down":{"uv":[0.75,7.75,0.5,8.75],"texture":"#1"}}},{"from":[13,4.4879,2.86599],"to":[14,6.4879,5.86599],"rotation":{"angle":45,"axis":"x","origin":[13.51,5.70822,4.44197]},"faces":{"north":{"uv":[5.5,8.25,5.25,7.75],"rotation":180,"texture":"#1"},"east":{"uv":[7,6,7.5,6.75],"rotation":90,"texture":"#1"},"south":{"uv":[5.75,7.75,5.5,8.25],"texture":"#1"},"west":{"uv":[7,6.75,7.5,7.5],"rotation":270,"texture":"#1"},"up":{"uv":[1.75,7.75,2,8.5],"texture":"#1"},"down":{"uv":[1.5,7.75,1.75,8.5],"rotation":180,"texture":"#1"}}},{"from":[13,7.2842,3.22165],"to":[14,9.2842,4.22165],"rotation":{"angle":-45,"axis":"x","origin":[13.5,5.70822,4.44197]},"faces":{"north":{"uv":[5.75,7.75,6,8.25],"texture":"#1"},"east":{"uv":[8,0.5,8.25,1],"texture":"#1"},"south":{"uv":[8,1,8.25,1.5],"texture":"#1"},"west":{"uv":[8,2,8.25,2.5],"texture":"#1"},"up":{"uv":[7.75,1.25,7.5,1],"texture":"#1"},"down":{"uv":[8,4.75,7.75,5],"texture":"#1"}}},{"from":[2,7.2842,3.22165],"to":[3,9.2842,4.22165],"rotation":{"angle":-45,"axis":"x","origin":[2.5,5.70822,4.44197]},"faces":{"north":{"uv":[6,7.75,5.75,8.25],"texture":"#1"},"east":{"uv":[8.25,2,8,2.5],"texture":"#1"},"south":{"uv":[8.25,1,8,1.5],"texture":"#1"},"west":{"uv":[8.25,0.5,8,1],"texture":"#1"},"up":{"uv":[7.5,1.25,7.75,1],"texture":"#1"},"down":{"uv":[7.75,4.75,8,5],"texture":"#1"}}},{"from":[2,4.4879,2.86599],"to":[3,6.4879,5.86599],"rotation":{"angle":45,"axis":"x","origin":[2.49,5.70822,4.44197]},"faces":{"north":{"uv":[5.25,8.25,5.5,7.75],"rotation":180,"texture":"#1"},"east":{"uv":[7,7.5,7.5,6.75],"rotation":270,"texture":"#1"},"south":{"uv":[5.5,7.75,5.75,8.25],"texture":"#1"},"west":{"uv":[7,6.75,7.5,6],"rotation":90,"texture":"#1"},"up":{"uv":[2,7.75,1.75,8.5],"texture":"#1"},"down":{"uv":[1.75,7.75,1.5,8.5],"rotation":180,"texture":"#1"}}},{"from":[1.99,3.91271,5.31153],"to":[3.01,5.93271,9.33153],"rotation":{"angle":22.5,"axis":"x","origin":[2.31,5.69928,4.76195]},"faces":{"north":{"uv":[8,4.25,7.75,4.75],"texture":"#1"},"east":{"uv":[8,5,7,5.5],"texture":"#1"},"south":{"uv":[5.25,7.75,5,8.25],"texture":"#1"},"west":{"uv":[8,2.5,7,3],"texture":"#1"},"up":{"uv":[3.75,8,4,7],"texture":"#1"},"down":{"uv":[0.5,7.75,0.75,8.75],"texture":"#1"}}},{"from":[4,0,8],"to":[12,2,12],"rotation":{"angle":0,"axis":"y","origin":[8,-5,8]},"faces":{"north":{"uv":[4,5,6,5.5],"texture":"#1"},"east":{"uv":[0.5,7,1.5,7.5],"texture":"#1"},"south":{"uv":[0,5.5,2,6],"texture":"#1"},"west":{"uv":[7,2,8,2.5],"texture":"#1"},"up":{"uv":[6,1,4,0],"texture":"#1"},"down":{"uv":[6,1,4,2],"texture":"#1"}}},{"from":[3.5,5.5,3.5],"to":[5.5,7.5,10.5],"rotation":{"angle":0,"axis":"y","origin":[8.5,-5.5,3.5]},"faces":{"north":{"uv":[5,7.25,5.5,7.75],"texture":"#1"},"east":{"uv":[2,5.5,3.75,6],"texture":"#1"},"south":{"uv":[5.5,7.25,6,7.75],"texture":"#1"},"west":{"uv":[3.75,5.5,5.5,6],"texture":"#1"},"up":{"uv":[6,7.25,5.5,5.5],"texture":"#1"},"down":{"uv":[0.5,6,0,7.75],"texture":"#1"}}},{"from":[3,-0.4,3.5],"to":[5,1.6,8.5],"rotation":{"angle":45,"axis":"z","origin":[4,0.6,8]},"faces":{"north":{"uv":[6,7.5,6.5,8],"texture":"#1"},"east":{"uv":[6,1.5,7.25,2],"texture":"#1"},"south":{"uv":[7.5,6,8,6.5],"texture":"#1"},"west":{"uv":[0.5,6.5,1.75,7],"texture":"#1"},"up":{"uv":[2.25,7.75,1.75,6.5],"texture":"#1"},"down":{"uv":[7,2,6.5,3.25],"texture":"#1"}}},{"from":[11,-0.4,3.5],"to":[13,1.6,8.5],"rotation":{"angle":-45,"axis":"z","origin":[12,0.6,8]},"faces":{"north":{"uv":[6.5,7.5,6,8],"texture":"#1"},"east":{"uv":[1.75,6.5,0.5,7],"texture":"#1"},"south":{"uv":[8,6,7.5,6.5],"texture":"#1"},"west":{"uv":[7.25,1.5,6,2],"texture":"#1"},"up":{"uv":[1.75,7.75,2.25,6.5],"texture":"#1"},"down":{"uv":[6.5,2,7,3.25],"texture":"#1"}}},{"from":[6,5.5,3.5],"to":[10,9.5,6.5],"rotation":{"angle":0,"axis":"y","origin":[12,-5.5,3.5]},"faces":{"north":{"uv":[2,4.5,3,5.5],"texture":"#1"},"east":{"uv":[6,0.5,6.75,1.5],"texture":"#1"},"south":{"uv":[3,4.5,4,5.5],"texture":"#1"},"west":{"uv":[3.25,6,4,7],"texture":"#1"},"up":{"uv":[5,6.75,4,6],"texture":"#1"},"down":{"uv":[7,5,6,5.75],"texture":"#1"}}},{"from":[7,6,3],"to":[9,9,4],"rotation":{"angle":0,"axis":"y","origin":[12,-6,1]},"faces":{"north":{"uv":[4.5,6.75,5,7.5],"texture":"#1"},"east":{"uv":[7.75,1,8,1.75],"texture":"#1"},"south":{"uv":[3.25,7,3.75,7.75],"texture":"#1"},"west":{"uv":[1.25,7.75,1.5,8.5],"texture":"#1"},"up":{"uv":[8.25,0.5,7.75,0.25],"texture":"#1"},"down":{"uv":[8.25,1.75,7.75,2],"texture":"#1"}}},{"from":[7,8,6.5],"to":[9,9,11.5],"rotation":{"angle":0,"axis":"y","origin":[12,-3,6.5]},"faces":{"north":{"uv":[6.75,1.25,7.25,1.5],"texture":"#1"},"east":{"uv":[7,3,8.25,3.25],"texture":"#1"},"south":{"uv":[7.75,0,8.25,0.25],"texture":"#1"},"west":{"uv":[0.5,7.5,1.75,7.75],"texture":"#1"},"up":{"uv":[5.5,7.25,5,6],"texture":"#1"},"down":{"uv":[6.5,5.75,6,7],"texture":"#1"}}},{"from":[10.5,5.5,3.5],"to":[12.5,7.5,10.5],"rotation":{"angle":0,"axis":"y","origin":[15.5,-5.5,3.5]},"faces":{"north":{"uv":[7.5,0.5,8,1],"texture":"#1"},"east":{"uv":[6,0,7.75,0.5],"texture":"#1"},"south":{"uv":[4.5,7.5,5,8],"texture":"#1"},"west":{"uv":[0.5,6,2.25,6.5],"texture":"#1"},"up":{"uv":[2.75,7.75,2.25,6],"texture":"#1"},"down":{"uv":[3.25,6,2.75,7.75],"texture":"#1"}}}],"display":{"thirdperson_righthand":{"rotation":[17,-45,0],"translation":[0,2.25,0],"scale":[0.44,0.44,0.44]},"thirdperson_lefthand":{"rotation":[17,-45,0],"translation":[0,2.25,0],"scale":[0.44,0.44,0.44]},"firstperson_righthand":{"rotation":[-180,54.25,-180],"translation":[0,5.75,0],"scale":[0.64,0.64,0.64]},"firstperson_lefthand":{"rotation":[-180,54.25,-180],"translation":[0,5.75,0],"scale":[0.64,0.64,0.64]},"ground":{"translation":[0,6.25,0],"scale":[0.5,0.5,0.5]},"gui":{"rotation":[-153,35,-180],"translation":[0,1.5,0],"scale":[0.94,0.94,0.94]},"head":{"translation":[0,8,0],"scale":[1.83,1.83,1.83]},"fixed":{"rotation":[-90,0,0],"translation":[0,0,-16],"scale":[2,2,2]}}}