{"elements":[{"from":[4.857714,8.5720005,6.2862854],"to":[11.142286,13.142858,11.428],"rotation":{"angle":0.0,"axis":"y","origin":[7.714286,1.7142854,8.0]},"faces":{"south":{"uv":[3.5,2.25,4.875,3.25],"rotation":0,"texture":"#0","tintindex":0},"north":{"uv":[1.5,3.5,2.875,4.5],"rotation":0,"texture":"#0","tintindex":0},"down":{"uv":[4.875,1.125,3.5,2.25],"rotation":0,"texture":"#0","tintindex":0},"east":{"uv":[4.0,4.25,5.125,5.25],"rotation":0,"texture":"#0","tintindex":0},"west":{"uv":[0.0,4.5,1.125,5.5],"rotation":0,"texture":"#0","tintindex":0},"up":{"uv":[4.875,1.125,3.5,0.0],"rotation":0,"texture":"#0","tintindex":0}}},{"from":[5.429143,13.143429,9.714857],"to":[6.570857,17.714287,10.856571],"rotation":{"angle":0.0,"axis":"y","origin":[7.714286,6.285714,7.428571]},"faces":{"south":{"uv":[1.0,9.0,1.25,10.0],"rotation":0,"texture":"#0","tintindex":0},"north":{"uv":[0.5,9.0,0.75,10.0],"rotation":0,"texture":"#0","tintindex":0},"down":{"uv":[3.25,9.375,3.0,9.625],"rotation":0,"texture":"#0","tintindex":0},"east":{"uv":[0.75,9.0,1.0,10.0],"rotation":0,"texture":"#0","tintindex":0},"west":{"uv":[1.25,9.0,1.5,10.0],"rotation":0,"texture":"#0","tintindex":0},"up":{"uv":[3.0,9.625,2.75,9.375],"rotation":0,"texture":"#0","tintindex":0}}},{"from":[7.143429,13.143429,9.714857],"to":[8.285143,16.0,10.856571],"rotation":{"angle":0.0,"axis":"y","origin":[9.428572,6.285714,7.428571]},"faces":{"south":{"uv":[5.875,9.125,6.125,9.75],"rotation":0,"texture":"#0","tintindex":0},"north":{"uv":[6.25,5.5,6.5,6.125],"rotation":0,"texture":"#0","tintindex":0},"down":{"uv":[9.625,3.25,9.375,3.5],"rotation":0,"texture":"#0","tintindex":0},"east":{"uv":[5.125,9.125,5.375,9.75],"rotation":0,"texture":"#0","tintindex":0},"west":{"uv":[0.0,9.25,0.25,9.875],"rotation":0,"texture":"#0","tintindex":0},"up":{"uv":[3.5,9.625,3.25,9.375],"rotation":0,"texture":"#0","tintindex":0}}},{"from":[6.572,13.143429,6.2862854],"to":[9.428,14.285715,8.570857],"rotation":{"angle":0.0,"axis":"y","origin":[7.714286,2.8571424,8.0]},"faces":{"south":{"uv":[9.25,5.25,9.875,5.5],"rotation":0,"texture":"#0","tintindex":0},"north":{"uv":[9.25,5.0,9.875,5.25],"rotation":0,"texture":"#0","tintindex":0},"down":{"uv":[8.875,3.375,8.25,3.875],"rotation":0,"texture":"#0","tintindex":0},"east":{"uv":[3.5,3.25,4.0,3.5],"rotation":0,"texture":"#0","tintindex":0},"west":{"uv":[2.375,8.25,2.875,8.5],"rotation":0,"texture":"#0","tintindex":0},"up":{"uv":[2.375,8.75,1.75,8.25],"rotation":0,"texture":"#0","tintindex":0}}},{"from":[8.286285,9.143429,5.714857],"to":[11.713715,12.571428,6.856571],"rotation":{"angle":0.0,"axis":"y","origin":[7.714286,1.7142854,5.142857]},"faces":{"south":{"uv":[7.0,4.75,7.75,5.5],"rotation":0,"texture":"#0","tintindex":0},"north":{"uv":[7.0,4.0,7.75,4.75],"rotation":0,"texture":"#0","tintindex":0},"down":{"uv":[9.875,0.75,9.125,1.0],"rotation":0,"texture":"#0","tintindex":0},"east":{"uv":[1.5,9.0,1.75,9.75],"rotation":0,"texture":"#0","tintindex":0},"west":{"uv":[7.125,9.0,7.375,9.75],"rotation":0,"texture":"#0","tintindex":0},"up":{"uv":[9.75,6.875,9.0,6.625],"rotation":0,"texture":"#0","tintindex":0}}},{"from":[4.2862854,9.143429,5.714857],"to":[7.713714,12.571428,6.856571],"rotation":{"angle":0.0,"axis":"y","origin":[3.7142854,1.7142854,5.142857]},"faces":{"south":{"uv":[0.0,7.125,0.75,7.875],"rotation":0,"texture":"#0","tintindex":0},"north":{"uv":[6.5,7.0,7.25,7.75],"rotation":0,"texture":"#0","tintindex":0},"down":{"uv":[9.875,3.0,9.125,3.25],"rotation":0,"texture":"#0","tintindex":0},"east":{"uv":[9.125,1.0,9.375,1.75],"rotation":0,"texture":"#0","tintindex":0},"west":{"uv":[4.375,9.125,4.625,9.875],"rotation":0,"texture":"#0","tintindex":0},"up":{"uv":[9.875,3.0,9.125,2.75],"rotation":0,"texture":"#0","tintindex":0}}},{"from":[3.714857,10.286285,6.857714],"to":[12.285143,12.571428,9.142285],"rotation":{"angle":0.0,"axis":"y","origin":[7.714286,1.7142854,8.0]},"faces":{"south":{"uv":[5.125,4.5,7.0,5.0],"rotation":0,"texture":"#0","tintindex":0},"north":{"uv":[5.125,4.0,7.0,4.5],"rotation":0,"texture":"#0","tintindex":0},"down":{"uv":[5.0,5.25,3.125,5.75],"rotation":0,"texture":"#0","tintindex":0},"east":{"uv":[8.625,6.875,9.125,7.375],"rotation":0,"texture":"#0","tintindex":0},"west":{"uv":[8.625,7.375,9.125,7.875],"rotation":0,"texture":"#0","tintindex":0},"up":{"uv":[7.0,5.5,5.125,5.0],"rotation":0,"texture":"#0","tintindex":0}}}],"textures":{"0":"modelengine:entity/mech"},"display":{"head":{"translation":[0.0,-6.4,0.0],"scale":[4.0,4.0,4.0]}}}