{"elements":[{"from":[5.714286,8.571428,4.5714283],"to":[10.285714,13.142858,9.142858],"rotation":{"angle":0.0,"axis":"y","origin":[8.0,-5.1428576,6.857143]},"faces":{"south":{"uv":[4.875,0.0,5.875,1.0],"rotation":0,"texture":"#0","tintindex":0},"north":{"uv":[1.125,4.5,2.125,5.5],"rotation":0,"texture":"#0","tintindex":0},"down":{"uv":[6.125,3.0,5.125,4.0],"rotation":0,"texture":"#0","tintindex":0},"east":{"uv":[2.125,4.5,3.125,5.5],"rotation":0,"texture":"#0","tintindex":0},"west":{"uv":[4.875,1.0,5.875,2.0],"rotation":0,"texture":"#0","tintindex":0},"up":{"uv":[5.875,3.0,4.875,2.0],"rotation":0,"texture":"#0","tintindex":0}}},{"from":[6.285714,7.428571,4.5714283],"to":[9.714286,8.571428,5.714286],"rotation":{"angle":0.0,"axis":"y","origin":[8.0,-9.714287,3.4285712]},"faces":{"south":{"uv":[9.0,4.5,9.75,4.75],"rotation":0,"texture":"#0","tintindex":0},"north":{"uv":[9.0,4.25,9.75,4.5],"rotation":0,"texture":"#0","tintindex":0},"down":{"uv":[9.75,6.375,9.0,6.625],"rotation":0,"texture":"#0","tintindex":0},"east":{"uv":[4.875,3.0,5.125,3.25],"rotation":0,"texture":"#0","tintindex":0},"west":{"uv":[2.875,7.125,3.125,7.375],"rotation":0,"texture":"#0","tintindex":0},"up":{"uv":[7.125,9.25,6.375,9.0],"rotation":0,"texture":"#0","tintindex":0}}},{"from":[5.714286,9.142858,4.5714283],"to":[10.285714,10.857143,5.714286],"rotation":{"angle":0.0,"axis":"y","origin":[8.0,10.857143,8.0]},"faces":{"south":{"uv":[1.5,1.375,2.5,1.75],"rotation":0,"texture":"#0","tintindex":0},"north":{"uv":[0.25,1.375,1.25,1.75],"rotation":0,"texture":"#0","tintindex":0},"down":{"uv":[2.25,1.125,1.25,1.375],"rotation":0,"texture":"#0","tintindex":0},"east":{"uv":[0.0,1.375,0.25,1.75],"rotation":0,"texture":"#0","tintindex":0},"west":{"uv":[1.25,1.375,1.5,1.75],"rotation":0,"texture":"#0","tintindex":0},"up":{"uv":[1.25,1.375,0.25,1.125],"rotation":0,"texture":"#0","tintindex":0}}},{"from":[8.685715,9.714286,5.142857],"to":[9.828571,10.857143,5.714286],"rotation":{"angle":0.0,"axis":"y","origin":[8.114285,10.857143,8.0]},"faces":{"south":{"uv":[0.5,0.5,0.75,0.75],"rotation":0,"texture":"#0","tintindex":0},"north":{"uv":[0.125,0.5,0.375,0.75],"rotation":0,"texture":"#0","tintindex":0},"down":{"uv":[0.625,0.375,0.375,0.5],"rotation":0,"texture":"#0","tintindex":0},"east":{"uv":[0.0,0.5,0.125,0.75],"rotation":0,"texture":"#0","tintindex":0},"west":{"uv":[0.375,0.5,0.5,0.75],"rotation":0,"texture":"#0","tintindex":0},"up":{"uv":[0.375,0.5,0.125,0.375],"rotation":0,"texture":"#0","tintindex":0}}},{"from":[6.1714287,9.714286,5.142857],"to":[7.3142858,10.857143,5.714286],"rotation":{"angle":0.0,"axis":"y","origin":[7.885714,10.857143,8.0]},"faces":{"south":{"uv":[0.75,0.5,0.5,0.75],"rotation":0,"texture":"#0","tintindex":0},"north":{"uv":[0.375,0.5,0.125,0.75],"rotation":0,"texture":"#0","tintindex":0},"down":{"uv":[0.375,0.375,0.625,0.5],"rotation":0,"texture":"#0","tintindex":0},"east":{"uv":[0.5,0.5,0.375,0.75],"rotation":0,"texture":"#0","tintindex":0},"west":{"uv":[0.125,0.5,0.0,0.75],"rotation":0,"texture":"#0","tintindex":0},"up":{"uv":[0.125,0.5,0.375,0.375],"rotation":0,"texture":"#0","tintindex":0}}}],"textures":{"0":"modelengine:entity/mech"},"display":{"head":{"translation":[0.0,-6.4,0.0],"scale":[4.0,4.0,4.0]}}}