{"elements":[{"from":[5.142857,1.7142854,6.285714],"to":[8.0,2.8571424,10.857143],"rotation":{"angle":0.0,"axis":"y","origin":[8.0,-1.1428576,9.142858]},"faces":{"south":{"uv":[9.25,5.75,9.875,6.0],"rotation":0,"texture":"#0","tintindex":0},"north":{"uv":[9.25,5.5,9.875,5.75],"rotation":0,"texture":"#0","tintindex":0},"down":{"uv":[0.625,6.125,0.0,7.125],"rotation":0,"texture":"#0","tintindex":0},"east":{"uv":[4.375,8.875,5.375,9.125],"rotation":0,"texture":"#0","tintindex":0},"west":{"uv":[8.875,8.375,9.875,8.625],"rotation":0,"texture":"#0","tintindex":0},"up":{"uv":[6.5,3.0,5.875,2.0],"rotation":0,"texture":"#0","tintindex":0}}},{"from":[5.714286,2.8571424,7.428571],"to":[7.428571,4.5714283,9.714286],"rotation":{"angle":0.0,"axis":"y","origin":[8.0,-0.57142925,9.142858]},"faces":{"south":{"uv":[6.75,9.25,7.125,9.625],"rotation":0,"texture":"#0","tintindex":0},"north":{"uv":[6.375,9.25,6.75,9.625],"rotation":0,"texture":"#0","tintindex":0},"down":{"uv":[9.5,7.75,9.125,8.25],"rotation":0,"texture":"#0","tintindex":0},"east":{"uv":[4.625,9.125,5.125,9.5],"rotation":0,"texture":"#0","tintindex":0},"west":{"uv":[9.125,6.875,9.625,7.25],"rotation":0,"texture":"#0","tintindex":0},"up":{"uv":[9.5,7.75,9.125,7.25],"rotation":0,"texture":"#0","tintindex":0}}},{"from":[5.142857,3.4285712,8.0],"to":[8.0,8.0,10.285714],"rotation":{"angle":0.0,"axis":"y","origin":[8.0,2.8571424,9.142858]},"faces":{"south":{"uv":[1.25,6.125,1.875,7.125],"rotation":0,"texture":"#0","tintindex":0},"north":{"uv":[0.625,6.125,1.25,7.125],"rotation":0,"texture":"#0","tintindex":0},"down":{"uv":[9.125,1.25,8.5,1.75],"rotation":0,"texture":"#0","tintindex":0},"east":{"uv":[7.75,0.0,8.25,1.0],"rotation":0,"texture":"#0","tintindex":0},"west":{"uv":[7.75,3.375,8.25,4.375],"rotation":0,"texture":"#0","tintindex":0},"up":{"uv":[1.75,9.0,1.125,8.5],"rotation":0,"texture":"#0","tintindex":0}}},{"from":[5.714286,6.857143,7.428571],"to":[8.0,9.142858,8.0],"rotation":{"angle":0.0,"axis":"y","origin":[8.0,4.0,6.857143]},"faces":{"south":{"uv":[8.875,8.625,9.375,9.125],"rotation":0,"texture":"#0","tintindex":0},"north":{"uv":[5.375,8.875,5.875,9.375],"rotation":0,"texture":"#0","tintindex":0},"down":{"uv":[9.875,1.0,9.375,1.125],"rotation":0,"texture":"#0","tintindex":0},"east":{"uv":[2.25,7.75,2.375,8.25],"rotation":0,"texture":"#0","tintindex":0},"west":{"uv":[7.625,9.25,7.75,9.75],"rotation":0,"texture":"#0","tintindex":0},"up":{"uv":[8.25,9.375,7.75,9.25],"rotation":0,"texture":"#0","tintindex":0}}}],"textures":{"0":"modelengine:entity/mech"},"display":{"head":{"translation":[0.0,-6.4,0.0],"scale":[4.0,4.0,4.0]}}}