{"elements":[{"from":[5.714286,4.0,6.857143],"to":[8.0,9.142858,9.142858],"rotation":{"angle":0.0,"axis":"y","origin":[10.0,-4.5714293,8.0]},"faces":{"south":{"uv":[2.375,7.125,2.875,8.25],"rotation":0,"texture":"#0","tintindex":0},"north":{"uv":[0.75,7.125,1.25,8.25],"rotation":0,"texture":"#0","tintindex":0},"down":{"uv":[0.5,8.75,0.0,9.25],"rotation":0,"texture":"#0","tintindex":0},"east":{"uv":[1.25,7.125,1.75,8.25],"rotation":0,"texture":"#0","tintindex":0},"west":{"uv":[7.25,0.0,7.75,1.125],"rotation":0,"texture":"#0","tintindex":0},"up":{"uv":[9.125,8.375,8.625,7.875],"rotation":0,"texture":"#0","tintindex":0}}},{"from":[7.428571,9.714286,8.0],"to":[8.0,11.428572,8.571428],"rotation":{"angle":0.0,"axis":"y","origin":[10.571428,-0.57142925,8.0]},"faces":{"south":{"uv":[3.5,9.375,3.625,9.75],"rotation":0,"texture":"#0","tintindex":0},"north":{"uv":[3.625,6.375,3.75,6.75],"rotation":0,"texture":"#0","tintindex":0},"down":{"uv":[2.375,8.75,2.25,8.875],"rotation":0,"texture":"#0","tintindex":0},"east":{"uv":[8.25,9.25,8.375,9.625],"rotation":0,"texture":"#0","tintindex":0},"west":{"uv":[9.375,3.5,9.5,3.875],"rotation":0,"texture":"#0","tintindex":0},"up":{"uv":[1.875,7.25,1.75,7.125],"rotation":0,"texture":"#0","tintindex":0}}},{"from":[7.142857,11.428572,7.714286],"to":[8.285714,12.0,8.857143],"rotation":{"angle":0.0,"axis":"y","origin":[10.857143,1.1428566,8.285714]},"faces":{"south":{"uv":[7.75,5.375,8.0,5.5],"rotation":0,"texture":"#0","tintindex":0},"north":{"uv":[2.875,7.375,3.125,7.5],"rotation":0,"texture":"#0","tintindex":0},"down":{"uv":[9.625,1.375,9.375,1.625],"rotation":0,"texture":"#0","tintindex":0},"east":{"uv":[7.75,1.0,8.0,1.125],"rotation":0,"texture":"#0","tintindex":0},"west":{"uv":[0.5,8.125,0.75,8.25],"rotation":0,"texture":"#0","tintindex":0},"up":{"uv":[9.625,1.375,9.375,1.125],"rotation":0,"texture":"#0","tintindex":0}}},{"from":[5.428571,11.428572,7.714286],"to":[6.5714283,12.0,8.857143],"rotation":{"angle":0.0,"axis":"y","origin":[9.142858,1.1428566,8.285714]},"faces":{"south":{"uv":[9.0,4.75,9.25,4.875],"rotation":0,"texture":"#0","tintindex":0},"north":{"uv":[8.625,3.25,8.875,3.375],"rotation":0,"texture":"#0","tintindex":0},"down":{"uv":[2.75,9.375,2.5,9.625],"rotation":0,"texture":"#0","tintindex":0},"east":{"uv":[8.625,8.375,8.875,8.5],"rotation":0,"texture":"#0","tintindex":0},"west":{"uv":[9.375,1.625,9.625,1.75],"rotation":0,"texture":"#0","tintindex":0},"up":{"uv":[2.5,9.625,2.25,9.375],"rotation":0,"texture":"#0","tintindex":0}}},{"from":[5.714286,9.714286,8.0],"to":[6.285714,11.428572,8.571428],"rotation":{"angle":0.0,"axis":"y","origin":[8.857143,-0.57142925,8.0]},"faces":{"south":{"uv":[5.375,9.375,5.5,9.75],"rotation":0,"texture":"#0","tintindex":0},"north":{"uv":[3.625,9.375,3.75,9.75],"rotation":0,"texture":"#0","tintindex":0},"down":{"uv":[5.75,9.375,5.625,9.5],"rotation":0,"texture":"#0","tintindex":0},"east":{"uv":[9.375,3.875,9.5,4.25],"rotation":0,"texture":"#0","tintindex":0},"west":{"uv":[5.5,9.375,5.625,9.75],"rotation":0,"texture":"#0","tintindex":0},"up":{"uv":[9.0,4.375,8.875,4.25],"rotation":0,"texture":"#0","tintindex":0}}},{"from":[5.142857,6.285714,6.285714],"to":[8.571428,9.714286,9.714286],"rotation":{"angle":0.0,"axis":"y","origin":[10.571428,-4.000001,8.0]},"faces":{"south":{"uv":[5.375,7.25,6.125,8.0],"rotation":0,"texture":"#0","tintindex":0},"north":{"uv":[7.25,2.625,8.0,3.375],"rotation":0,"texture":"#0","tintindex":0},"down":{"uv":[8.0,7.0,7.25,7.75],"rotation":0,"texture":"#0","tintindex":0},"east":{"uv":[4.625,7.25,5.375,8.0],"rotation":0,"texture":"#0","tintindex":0},"west":{"uv":[7.25,5.5,8.0,6.25],"rotation":0,"texture":"#0","tintindex":0},"up":{"uv":[8.0,7.0,7.25,6.25],"rotation":0,"texture":"#0","tintindex":0}}}],"textures":{"0":"modelengine:entity/mech"},"display":{"head":{"translation":[0.0,-6.4,0.0],"scale":[4.0,4.0,4.0]}}}