{"elements":[{"from":[5.685714,4.0,6.857143],"to":[7.9428573,8.0,9.142858],"rotation":{"angle":0.0,"axis":"y","origin":[7.9428573,1.1428566,8.0]},"faces":{"south":{"uv":[5.375,8.0,5.875,8.875],"rotation":0,"texture":"#0","tintindex":0},"north":{"uv":[4.875,8.0,5.375,8.875],"rotation":0,"texture":"#0","tintindex":0},"down":{"uv":[9.375,3.75,8.875,4.25],"rotation":0,"texture":"#0","tintindex":0},"east":{"uv":[8.0,5.125,8.5,6.0],"rotation":0,"texture":"#0","tintindex":0},"west":{"uv":[8.0,6.0,8.5,6.875],"rotation":0,"texture":"#0","tintindex":0},"up":{"uv":[9.375,3.75,8.875,3.25],"rotation":0,"texture":"#0","tintindex":0}}}],"textures":{"0":"modelengine:entity/mech"},"display":{"head":{"translation":[0.0,-6.4,0.0],"scale":[4.0,4.0,4.0]}}}