{"elements":[{"from":[5.714857,4.0005713,5.714857],"to":[7.9994287,6.285714,7.9994287],"rotation":{"angle":0.0,"axis":"y","origin":[10.0,-2.285715,6.857143]},"faces":{"south":{"uv":[7.875,8.75,8.375,9.25],"rotation":0,"texture":"#0","tintindex":0},"north":{"uv":[1.75,8.75,2.25,9.25],"rotation":0,"texture":"#0","tintindex":0},"down":{"uv":[3.75,8.875,3.25,9.375],"rotation":0,"texture":"#0","tintindex":0},"east":{"uv":[7.375,8.75,7.875,9.25],"rotation":0,"texture":"#0","tintindex":0},"west":{"uv":[2.25,8.875,2.75,9.375],"rotation":0,"texture":"#0","tintindex":0},"up":{"uv":[3.25,9.375,2.75,8.875],"rotation":0,"texture":"#0","tintindex":0}}},{"from":[5.142857,6.285714,5.142857],"to":[8.571428,8.0,8.571428],"rotation":{"angle":0.0,"axis":"y","origin":[9.428572,-5.714287,6.857143]},"faces":{"south":{"uv":[8.5,5.625,9.25,6.0],"rotation":0,"texture":"#0","tintindex":0},"north":{"uv":[8.5,4.875,9.25,5.25],"rotation":0,"texture":"#0","tintindex":0},"down":{"uv":[8.0,1.875,7.25,2.625],"rotation":0,"texture":"#0","tintindex":0},"east":{"uv":[8.5,5.25,9.25,5.625],"rotation":0,"texture":"#0","tintindex":0},"west":{"uv":[8.5,6.0,9.25,6.375],"rotation":0,"texture":"#0","tintindex":0},"up":{"uv":[8.0,1.875,7.25,1.125],"rotation":0,"texture":"#0","tintindex":0}}},{"from":[5.714286,1.1428566,5.142857],"to":[8.571428,3.4285712,8.0],"rotation":{"angle":0.0,"axis":"y","origin":[10.571428,-10.285715,6.857143]},"faces":{"south":{"uv":[0.5,8.5,1.125,9.0],"rotation":0,"texture":"#0","tintindex":0},"north":{"uv":[8.25,3.875,8.875,4.375],"rotation":0,"texture":"#0","tintindex":0},"down":{"uv":[8.625,6.875,8.0,7.5],"rotation":0,"texture":"#0","tintindex":0},"east":{"uv":[8.375,4.375,9.0,4.875],"rotation":0,"texture":"#0","tintindex":0},"west":{"uv":[8.5,0.75,9.125,1.25],"rotation":0,"texture":"#0","tintindex":0},"up":{"uv":[8.625,3.375,8.0,2.75],"rotation":0,"texture":"#0","tintindex":0}}},{"from":[6.285714,2.8571424,6.285714],"to":[7.428571,4.0,7.428571],"rotation":{"angle":0.0,"axis":"y","origin":[10.571428,-10.285715,6.857143]},"faces":{"south":{"uv":[7.75,5.125,8.0,5.375],"rotation":0,"texture":"#0","tintindex":0},"north":{"uv":[4.375,7.5,4.625,7.75],"rotation":0,"texture":"#0","tintindex":0},"down":{"uv":[7.625,9.25,7.375,9.5],"rotation":0,"texture":"#0","tintindex":0},"east":{"uv":[4.375,7.75,4.625,8.0],"rotation":0,"texture":"#0","tintindex":0},"west":{"uv":[0.5,7.875,0.75,8.125],"rotation":0,"texture":"#0","tintindex":0},"up":{"uv":[8.5,1.0,8.25,0.75],"rotation":0,"texture":"#0","tintindex":0}}}],"textures":{"0":"modelengine:entity/mech"},"display":{"head":{"translation":[0.0,-6.4,0.0],"scale":[4.0,4.0,4.0]}}}