{"elements":[{"from":[8.0,4.0,6.857143],"to":[10.285714,9.142858,9.142858],"rotation":{"angle":0.0,"axis":"y","origin":[6.0,-4.5714293,8.0]},"faces":{"south":{"uv":[5.5,6.125,6.0,7.25],"rotation":0,"texture":"#0","tintindex":0},"north":{"uv":[1.875,6.125,2.375,7.25],"rotation":0,"texture":"#0","tintindex":0},"down":{"uv":[6.875,8.5,6.375,9.0],"rotation":0,"texture":"#0","tintindex":0},"east":{"uv":[5.0,6.125,5.5,7.25],"rotation":0,"texture":"#0","tintindex":0},"west":{"uv":[6.0,6.125,6.5,7.25],"rotation":0,"texture":"#0","tintindex":0},"up":{"uv":[7.75,3.875,7.25,3.375],"rotation":0,"texture":"#0","tintindex":0}}},{"from":[7.428571,6.285714,6.285714],"to":[10.857143,9.714286,9.714286],"rotation":{"angle":0.0,"axis":"y","origin":[5.428571,-4.000001,8.0]},"faces":{"south":{"uv":[6.5,0.0,7.25,0.75],"rotation":0,"texture":"#0","tintindex":0},"north":{"uv":[3.125,4.5,3.875,5.25],"rotation":0,"texture":"#0","tintindex":0},"down":{"uv":[7.25,2.25,6.5,3.0],"rotation":0,"texture":"#0","tintindex":0},"east":{"uv":[2.375,6.375,3.125,7.125],"rotation":0,"texture":"#0","tintindex":0},"west":{"uv":[6.5,0.75,7.25,1.5],"rotation":0,"texture":"#0","tintindex":0},"up":{"uv":[7.25,2.25,6.5,1.5],"rotation":0,"texture":"#0","tintindex":0}}}],"textures":{"0":"modelengine:entity/mech"},"display":{"head":{"translation":[0.0,-6.4,0.0],"scale":[4.0,4.0,4.0]}}}