{"elements":[{"from":[8.057143,4.0,6.857143],"to":[10.314286,8.0,9.142858],"rotation":{"angle":0.0,"axis":"y","origin":[8.057143,1.1428566,8.0]},"faces":{"south":{"uv":[8.0,1.875,8.5,2.75],"rotation":0,"texture":"#0","tintindex":0},"north":{"uv":[0.0,7.875,0.5,8.75],"rotation":0,"texture":"#0","tintindex":0},"down":{"uv":[7.375,8.5,6.875,9.0],"rotation":0,"texture":"#0","tintindex":0},"east":{"uv":[8.0,1.0,8.5,1.875],"rotation":0,"texture":"#0","tintindex":0},"west":{"uv":[4.375,8.0,4.875,8.875],"rotation":0,"texture":"#0","tintindex":0},"up":{"uv":[9.0,6.875,8.5,6.375],"rotation":0,"texture":"#0","tintindex":0}}}],"textures":{"0":"modelengine:entity/mech"},"display":{"head":{"translation":[0.0,-6.4,0.0],"scale":[4.0,4.0,4.0]}}}