{"elements":[{"from":[8.0,1.7142854,6.285714],"to":[10.857143,2.8571424,10.857143],"rotation":{"angle":0.0,"axis":"y","origin":[8.0,-1.1428576,9.142858]},"faces":{"south":{"uv":[8.875,9.125,9.5,9.375],"rotation":0,"texture":"#0","tintindex":0},"north":{"uv":[2.5,5.5,3.125,5.75],"rotation":0,"texture":"#0","tintindex":0},"down":{"uv":[5.0,5.75,4.375,6.75],"rotation":0,"texture":"#0","tintindex":0},"east":{"uv":[8.5,2.5,9.5,2.75],"rotation":0,"texture":"#0","tintindex":0},"west":{"uv":[7.375,8.5,8.375,8.75],"rotation":0,"texture":"#0","tintindex":0},"up":{"uv":[4.375,6.75,3.75,5.75],"rotation":0,"texture":"#0","tintindex":0}}},{"from":[8.571428,2.8571424,7.428571],"to":[10.285714,4.5714283,9.714286],"rotation":{"angle":0.0,"axis":"y","origin":[8.0,-0.57142925,9.142858]},"faces":{"south":{"uv":[9.25,6.0,9.625,6.375],"rotation":0,"texture":"#0","tintindex":0},"north":{"uv":[1.75,9.25,2.125,9.625],"rotation":0,"texture":"#0","tintindex":0},"down":{"uv":[6.5,7.25,6.125,7.75],"rotation":0,"texture":"#0","tintindex":0},"east":{"uv":[3.125,6.375,3.625,6.75],"rotation":0,"texture":"#0","tintindex":0},"west":{"uv":[8.375,9.0,8.875,9.375],"rotation":0,"texture":"#0","tintindex":0},"up":{"uv":[5.0,7.25,4.625,6.75],"rotation":0,"texture":"#0","tintindex":0}}},{"from":[8.0,3.4285712,8.0],"to":[10.857143,8.0,10.285714],"rotation":{"angle":0.0,"axis":"y","origin":[8.0,2.8571424,9.142858]},"faces":{"south":{"uv":[5.875,1.0,6.5,2.0],"rotation":0,"texture":"#0","tintindex":0},"north":{"uv":[5.875,0.0,6.5,1.0],"rotation":0,"texture":"#0","tintindex":0},"down":{"uv":[8.625,8.0,8.0,8.5],"rotation":0,"texture":"#0","tintindex":0},"east":{"uv":[3.375,7.5,3.875,8.5],"rotation":0,"texture":"#0","tintindex":0},"west":{"uv":[3.875,7.5,4.375,8.5],"rotation":0,"texture":"#0","tintindex":0},"up":{"uv":[8.625,8.0,8.0,7.5],"rotation":0,"texture":"#0","tintindex":0}}},{"from":[8.0,6.857143,7.428571],"to":[10.285714,9.142858,8.0],"rotation":{"angle":0.0,"axis":"y","origin":[8.0,4.0,6.857143]},"faces":{"south":{"uv":[8.625,2.75,9.125,3.25],"rotation":0,"texture":"#0","tintindex":0},"north":{"uv":[8.375,8.5,8.875,9.0],"rotation":0,"texture":"#0","tintindex":0},"down":{"uv":[9.625,8.25,9.125,8.375],"rotation":0,"texture":"#0","tintindex":0},"east":{"uv":[3.875,4.5,4.0,5.0],"rotation":0,"texture":"#0","tintindex":0},"west":{"uv":[2.25,7.25,2.375,7.75],"rotation":0,"texture":"#0","tintindex":0},"up":{"uv":[7.75,4.0,7.25,3.875],"rotation":0,"texture":"#0","tintindex":0}}}],"textures":{"0":"modelengine:entity/mech"},"display":{"head":{"translation":[0.0,-6.4,0.0],"scale":[4.0,4.0,4.0]}}}