{"elements":[{"from":[7.428571,6.285714,5.142857],"to":[10.857143,8.0,8.571428],"rotation":{"angle":0.0,"axis":"y","origin":[6.5714283,-5.714287,6.857143]},"faces":{"south":{"uv":[2.375,8.5,3.125,8.875],"rotation":0,"texture":"#0","tintindex":0},"north":{"uv":[8.5,1.75,9.25,2.125],"rotation":0,"texture":"#0","tintindex":0},"down":{"uv":[7.25,6.25,6.5,7.0],"rotation":0,"texture":"#0","tintindex":0},"east":{"uv":[8.5,2.125,9.25,2.5],"rotation":0,"texture":"#0","tintindex":0},"west":{"uv":[3.125,8.5,3.875,8.875],"rotation":0,"texture":"#0","tintindex":0},"up":{"uv":[7.25,6.25,6.5,5.5],"rotation":0,"texture":"#0","tintindex":0}}},{"from":[9.714286,1.1428566,6.285714],"to":[10.285714,6.285714,7.428571],"rotation":{"angle":0.0,"axis":"y","origin":[6.5714283,-12.0,6.857143]},"faces":{"south":{"uv":[0.25,9.25,0.375,10.375],"rotation":0,"texture":"#0","tintindex":0},"north":{"uv":[3.75,8.875,3.875,10.0],"rotation":0,"texture":"#0","tintindex":0},"down":{"uv":[5.125,5.25,5.0,5.5],"rotation":0,"texture":"#0","tintindex":0},"east":{"uv":[5.875,8.0,6.125,9.125],"rotation":0,"texture":"#0","tintindex":0},"west":{"uv":[3.875,8.5,4.125,9.625],"rotation":0,"texture":"#0","tintindex":0},"up":{"uv":[4.0,5.25,3.875,5.0],"rotation":0,"texture":"#0","tintindex":0}}},{"from":[8.0,1.1428566,6.285714],"to":[8.571428,6.285714,7.428571],"rotation":{"angle":0.0,"axis":"y","origin":[4.8571424,-12.0,6.857143]},"faces":{"south":{"uv":[2.125,9.25,2.25,10.375],"rotation":0,"texture":"#0","tintindex":0},"north":{"uv":[0.375,9.25,0.5,10.375],"rotation":0,"texture":"#0","tintindex":0},"down":{"uv":[8.5,4.875,8.375,5.125],"rotation":0,"texture":"#0","tintindex":0},"east":{"uv":[4.125,8.5,4.375,9.625],"rotation":0,"texture":"#0","tintindex":0},"west":{"uv":[6.125,8.5,6.375,9.625],"rotation":0,"texture":"#0","tintindex":0},"up":{"uv":[2.5,6.375,2.375,6.125],"rotation":0,"texture":"#0","tintindex":0}}},{"from":[8.571428,0.5714283,5.714286],"to":[9.714286,2.8571424,8.0],"rotation":{"angle":0.0,"axis":"y","origin":[9.142858,1.7142854,6.857143]},"faces":{"south":{"uv":[1.25,4.0,1.5,4.5],"rotation":0,"texture":"#0","tintindex":0},"north":{"uv":[0.5,4.0,0.75,4.5],"rotation":0,"texture":"#0","tintindex":0},"down":{"uv":[1.0,3.5,0.75,4.0],"rotation":0,"texture":"#0","tintindex":0},"east":{"uv":[0.0,4.0,0.5,4.5],"rotation":0,"texture":"#0","tintindex":0},"west":{"uv":[0.75,4.0,1.25,4.5],"rotation":0,"texture":"#0","tintindex":0},"up":{"uv":[0.75,4.0,0.5,3.5],"rotation":0,"texture":"#0","tintindex":0}}},{"from":[9.142858,-2.285715,2.8571424],"to":[9.142858,5.714286,10.857143],"rotation":{"angle":0.0,"axis":"y","origin":[9.142858,1.7142854,6.857143]},"faces":{"south":{"uv":[3.5,1.75,3.5,3.5],"rotation":0,"texture":"#0","tintindex":0},"north":{"uv":[1.75,1.75,1.75,3.5],"rotation":0,"texture":"#0","tintindex":0},"down":{"uv":[1.75,0.0,1.75,1.75],"rotation":0,"texture":"#0","tintindex":0},"east":{"uv":[0.0,1.75,1.75,3.5],"rotation":0,"texture":"#0","tintindex":0},"west":{"uv":[1.75,1.75,3.5,3.5],"rotation":0,"texture":"#0","tintindex":0},"up":{"uv":[1.75,1.75,1.75,0.0],"rotation":0,"texture":"#0","tintindex":0}}}],"textures":{"0":"modelengine:entity/mech"},"display":{"head":{"translation":[0.0,-6.4,0.0],"scale":[4.0,4.0,4.0]}}}